feedback,kategori,sentimen
Banyak banget hal baru yang di dapetin dari NLP bener bener di ajarin dari basic banget sampe paham,6,1
Belajar banyak banget di mata kuliah ini,6,1
"Mata kuliah NLP adalah salah satu mata kuliah yang paling saya tertarik, juga Bu Maryamah menyampaikan materi secara gamblang dan open dalam diskusi",4,1
Awal mengikuti agak deg-degan takut tidak bisa mengikuti dan takut tidak mendapatkan nilai yang maksimal,6,2
"bu selain kesan pesan, saya mau skalian jujur-jujuran dan curhat ya",6,3
Awalnya saya mengambil NLP karena saran dari kating yang selalu bilang NLP itu salah satu mata kuliah pilihan yang wajib di ambil karena kepake banget,6,3
"Setelah mempelajari mata kuliah natural language processing, saya jadi tahu banyak hal dan dipelajari secara mendalam",1,1
Mata Kuliah Natural Language Processing (NLP) 2024 adalah salah satu pengalaman belajar yang sangat seru dan mengasyikkan,4,1
"Jujur, mata kuliah NLP very fun and exciting",4,1
Mengikuti mata kuliah Natural Language Processing (NLP) 2024 merupakan pengalaman yang penuh tantangan sekaligus memberikan banyak pelajaran berharga,4,1
"Mata Kuliah NLP 2024 terasa cukup menarik dan relevan dengan perkembangan teknologi saat ini, terutama bagi mahasiswa Teknologi Sains Data",6,1
Mata kuliah ini sangat seru dan memberikan banyak ilmu baru yang bermanfaat,4,1
"Kesan : Awalnya mengira bahwa NLP merupakan mata kuliah yang sulit karena pernah mendengar omongan dari kakak tingkat bahwa mata kuliah NLP termasuk mata kuliah yang susah, dan yang mengatakan hal tersebut adalah kakak tingkat yuang notabene pintar dan berpengalaman dalam banyak lomba",6,2
"Natural Language Processing (NLP) mata kuliah yang benar-benar memberikan insight baru, khususnya dalam pengolahan teks",4,1
"Assalamualaikum Wr Wb Bu Maryamah, terima kasih sebelumnya sudah berkenan membaca sedikit kesan saya terhadap mata kuliah NLP",6,3
"mata kuliah natural language processing ini memberi pengalaman yang berkesan, terutama terkait processing data teks",4,1
sejujurnya saya ambil matkul ini cuma bisa berdoa banyak banyak,6,2
NLP ini seru sebenernya cuman agak banyak yg dipelajarinn aja yaa dan waktu nya bentar jadi agak berat,1,3
Mata kuliah NLP sejauh ini sangat bagus materinya,1,1
"Materi yang diberikan dalam mata kuliah ini sangat menarik, terutama karena saya merasa ada kaitannya dengan pengalaman saya sebelumnya dalam mengerjakan proyek pada mata kuliah Algoritma dan Pemrograman 2",1,1
"menurut saya, mata kuliah NLP sejauh ini sudah berjalan dengan baik",4,1
Kesan saya terhadap kelas NLP ini sangat positif,6,1
"Penyampaian materinya mudah untuk dimengerti, namun memang mata kuliahnya susah jadi ada beberapa kesulitan yang terjadi baik saat tugas maupuun saat projek, terkadang ada kebingungan untuk memakai metode apa baik dari proses preprocessing ataupun saat membuat modelnya, maka memang harus lebih banyak belajar mandiri",1,1
"Bagi saya, kelas ini menyenangkan dan seru",4,1
Mata kuliah NLP membantu saya dalam memahami pemrosesan bahasa manusia dari yang simple sampai kompleks,1,1
"Kesan dan pesan mengenai Mata Kuliah NLP ini sangat positif! Pertama-tama, saya merasa bahwa matkul ini keren banget",1,1
"kesan untuk NLP: sesuai bayangan saya pas awal semester, tapi jadi semakin sadar kalau data teks itu susah banget",1,2
"Mata kuliah Natural Language Processing (NLP) memberikan pengalaman pembelajaran yang sangat menarik, terutama di era perkembangan teknologi kecerdasan buatan (AI)",4,1
Mata kuliah Natural Language Processing (NLP) jadi salah satu pengalaman yang penuh warna,4,1
Mata Kuliah Natural Language Processing (NLP) tahun ini bagi saya pribadi memberikan pengalaman yang seru dan menantang tanpa harus men,1,1
Mata Kuliah Natural Language Processing (NLP) ini menurut saya pribadi adalah mata kuliah yang memberikan pengalaman yang seru seputar processing data,1,1
Mata kuliah NLP sangat bermanfaat dan memberikan apa yg saya butuhkan,1,1
"Mata kuliah Natural Language Processing cukup menyenangkan walaupun menantang karena banyak konsep teknis yang harus dipahami, seperti Information Retrieval, chatbot, regex, machine translation, hingga algoritma machine learning",1,3
Mata kuliah Natural Language Processing (NLP) memberikan pengalaman belajar yang sangat berharga dan menarik,4,1
"Menurut saya, cara pengajaran Bu Maryamah sudah sangat baik dan mudah dipahami",4,1
Mata kuliah Natural Language Processing (NLP) 2024 memberikan pengalaman belajar yang sangat menarik sekaligus menantang karena banyak tugas yang susah dengan deadline yang mepet,3,3
"Mata kuliah NLP (Natural Language Processing) ini sangat bermanfaat bagi saya, khususnya bagi mahasiswa yang mengambil sains data, karena memberikan pemahaman mendalam tentang bagaimana data teks dapat dianalisis dan digunakan untuk menghasilkan wawasan yang bermakna",1,1
awalnya saya memilih mata kuliah natural language processing (NLP) 2024 karena saya merasa topik ini sangat berguna untuk kedepannya,1,1
"Metode yang diberikan selama perkuliahan NLP menurut saya sudah cukup baik, dimana diberikan tugas-tugas klarifikasi 4 bahasa yang cukup menarik Dan cukup menghidupkan suasana kelas",3,1
"Mata kuliah Natural Language Processing (NLP) memberikan pengalaman belajar yang sangat bermanfaat, terutama dalam memahami dan mengolah data teks secara efektif",4,1
Pengajaran yang dilakukan cenderung memberikan gambaran yang luas namun kurang memberi penekanan pada detail yang mendalam,4,3
Mata kuliah Natural Language Processing (NLP) 2024 memberikan saya wawasan yang sangat berharga dalam dunia pemrosesan bahasa alami,1,1
Kesan saya selama mengikuti mata kuliah Natural Language Processing (NLP) di semester ini sangatlah positif,1,1
"Kesan:
 Kuliah Natural Language Processing ini jujur seru tapi juga bikin pusing",4,3
"Selama satu semester ini, pembelajaran mata kuliah NLP telah memberikan banyak wawasan yang bermanfaat, terutama terkait konsep dasar dan penerapan Natural Language Processing dalam kehidupan nyata",4,1
NLP tahun ini so far seru sih bu,6,1
Mata kuliah NLP (Natural Language Processing) sangat menyenangkan,1,1
Kelasnya seru dan menyenangkan tapi sayang banyak tugas dadak yang harus selesai jam itu juga dan juga engga ada toleransi tambahan waktu untuk UTS padahal kendalanya dari pihak kampus,3,2
Kesan saya mengikuti mata kuliah NLP ini pertama adalah seru karena pengolahan data teks merupakan pengalaman yang baru bagi saya,1,1
Materi kompleks tapi sejujurnya sangat menarik jika bisa dipelajari lebih dalam,1,3
hehe jadi gini bu,6,3
"Selama mengikuti mata kuliah Natural Language Processing (NLP), saya merasa sangat senang dan antusias",4,1
"Selamat siang, Ibu Maryamah",6,3
Pengalaman mengikuti kelas ini terbilang cukup beragam,6,1
"Menurut saya, mata kuliah Natural Language Processing (NLP) semester ini cukup komprehensif dalam menjelaskan berbagai aspek Natural Languange Processing (NLP) secara keseluruhan",1,3
Pembelajaran mata kuliah NLP semester ini benar-benar membuka wawasan dan memberikan banyak insight baru tentang dunia teknologi bahasa,1,1
"Menurut saya MK NLP 2024 ini sangat membantu dan memberikan saya pengalaman serta pengetahuan baru serta memberikan cukup tantangann, minus nya kelas nya sangat pagi sekali",2,3
Mata kuliah Pemrosesan Bahasa Alami (NLP) benar-benar menjadi salah satu pengalaman akademik yang sangat berharga bagi saya,6,1
Kesan saya mata kuliah NLP sangat bermanfaat dan menarik karena materi materi yang ada di dalamnya itu juga ada di mata kuliah Data Mining II sehingga ketika Data mining II saya sudah mengetahui beberapa materinya lebih dulu dibandingkan teman teman saya yang tidak mengambil mata kuliah tersebut,1,1
"Kesan pertama saya terhadap mata kuliah NLP tentunya sangat senang mempelajari mata kuliah ini, karena memberikan banyak ilmu baru tentang bagaimana teks dapat diproses oleh mesin menggunakan berbagai metode yang menarik",1,1
Sangat menarik dan seru dan explore banyak hal,4,1
Kesan pesan untuk kuliah NLP bagi saya itu banyak,6,3
Mata kuliah ini adalah salah satu yang sangat berharga,6,1
"Mata Kuliah NLP 2024 tuh seru banget, materinya keren dan bener-bener asik aja gitu belajarnya kayak analisis sentiment, information retrival, machine translatin, dan lain-lain Materinya berasa banget manfaatnya, apalagi kalau nanti mau nyemplung di dunia kerja yang banyak butuh skill kayak gini",1,1
"Mata Kuliah Natural Language Processing ini memberikan saya pengalaman pembelajaran yang sangat berharga, khususnya di bidang pemrosesan bahasa alami dan kecerdasan buatan",1,1
"Selama mengikuti mata kuliah NLP 2024, saya mendapatkan banyak wawasan baru yang sangat bermanfaat, terutama dalam memahami cara kerja pemrosesan bahasa alami",1,1
Kelas Natural Language Processing (NLP) ini benar-benar memberikan pengalaman belajar yang sangat berbeda dan menyenangkan dibandingkan dengan kelas-kelas lainnya,4,1
"**Kesan dan Pesan untuk Mata Kuliah Neural Language Processing** 
 
 Mata kuliah Neural Language Processing (NLP) memberikan pengalaman yang sangat berharga dalam memahami bagaimana bahasa manusia dapat diproses menggunakan teknologi kecerdasan buatan",1,1
Menurut saya kelas NLP ini cukup menyenangkan,4,1
Saya sangat menikmati belajar mata kuliah Natural Language Processing (NLP) 2024,4,1
"Selama satu semester mengikuti mata kuliah Natural Language Processing (NLP), pengalaman saya penuh dengan pembelajaran yang menarik dan menantang",4,1
"Selama satu semester mengikuti mata kuliah Natural Language Processing (NLP), pengalaman saya penuh dengan pembelajaran yang menarik dan menantang",4,1
Kesan saya selama menjalani perkuliahan Natural Language Processing secara keseluruhan sesuai dengan ekspetasi saya,6,1
"Dadi mata kuliah ini,saya mendapatkan banyak ilmu",1,1
"kesan:
 nlp menurut saya salah satu matkul yang bagus ilmunya, saya personally sangat tertarik dengan ilmu NLP, mungkin bisa saya jadikan topik skripsi saya setelah mempelajari ilmunya",1,1
"Pada mata kuliah NLP, saya memperoleh banyak pengalaman dan pengetahuan dalam mengolah data teks yang sangat berguna untuk mata kuliah lainnya",1,1
"Menurut saya, NLP merupakan salah satu mata kuliah di semester ini yang well-planned dan well-executed bila membandingkan silabus dan realita",1,1
"selama pembelajaran mata kuliah NLP ini saya mendapatkan banyak insight baru dan sangat bermanfaat dari cara preprocessing text, sentiment, information extraction, information retrieval, chatbot, dan masih banyak lagi",1,1
"Menurut saya, materi nlp yang diajarkan oleh Ibu Maryamah sudah sangat mencukupi untuk memberikan pemahaman yang baik kepada kami",1,1
"Selama mengikuti mata kuliah Natural Language Processing (NLP), saya mendapatkan banyak pemahaman dan keterampilan baru yang sangat berguna dalam memahami cara mesin dapat memproses dan menganalisis bahasa manusia",1,1
Pengalaman saya mengikuti mata kuliah Natural Language Processing (NLP) sangat positif dan memberikan kesan mendalam,6,1
Mata kuliah Natural Language Processing (NLP) tahun ini sangat menyenangkan bagi saya,6,1
"Permisi bu, ini adalah kesan pesan saya, menurut saya kelas ini sangat menarik dan seru, akan tetapi karena jadwal yang sangat pagi, maka sangat untuk menikmati kelasnya dan agak susah fokus seblum jam 8:20",2,3
Suka banget konsep tugas hands on karena bisa lebih paham lagi dari kita ngerjain sendiri soal soal dasar NLP dan bisa jadi pegangan juga untuk kedepannya,3,1
"Dibahas dan dibuat paham proses dan tahapannya dari nol, dari pengumpulan data, preprocessing dengan segala tekniknya, sampai modeling yang sesuai untuk masing masing task",1,1
Setiap weekly assignments yang diberikan juga membantu untuk target belajar yang jelas,3,1
"Hal ini didukung dengan testimoni dari NLP 2023 dimana banyak terjadi perubahan dari NLP 2022 seperti adanya UTS live coding, penambahan tugas hands on dan project yang tergolong berat",3,1
"dulu tu sebenernya saya gaada mau ambil nlp, karena kata kating aga pusing sedikit",1,2
Saat menjalani NLP saya bisa menikmati pembelajaran dan materi yang diajarkan juga masih bisa saya pahami,4,1
"Melalui NLP, ternyata teknologi dapat memproses, memahami, dan menghasilkan bahasa manusia secara efektif",1,1
"Setiap pertemuan memberikan tantangan baru yang tidak hanya memacu kemampuan berpikir kritis, tetapi juga memperluas wawasan tentang bagaimana bahasa dapat diproses menggunakan teknologi",1,1
"Selama mengikuti pembelajaran ini, saya mendapatkan banyak wawasan dan ilmu baru yang sangat berguna",4,1
Dengan jadwal kuliah pagi pukul 07,2,3
Saya merasa materi yang disampaikan memberikan wawasan yang cukup terkait dasar-dasar Natural Language Processing (NLP) beserta implementasinya,1,1
"Saya jadi tahu kalau komputer ternyata bisa memahami bahasa manusia, seperti membaca tulisan, memahami maksud, bahkan memberikan jawaban",1,1
Jadi saya merasa sedikit khawatir kalau nantinya pada saat pembelajaran saya tidak dapat mengikuti dengan baik,4,2
"Saya belajar hal-hal yang sebelumnya sama sekali nggak pernah saya tahu, seperti bagaimana teknologi bisa memahami, menginterpretasikan, dan menganalisis bahasa manusia yang ternyata punya tingkat kerumitan yang uwow di prosesnya",1,3
Saya merasa beruntung dapat mengambil mata kuliah NLP karena bidang NLP sangat bermanfaat dan memberi insight yang sangat keren bagi saya,6,1
"Salah satu hal yang bisa digaris bawahi adalah cara penyampaian teori oleh dosen yang cukup menarik dan juga gampang dimengerti, sehingga selama jam kuliah khususnya teori tidak membosankan",4,1
karena menurut saya cukup menguji nyali ya bu:)ğŸ™,6,2
tapi seru,6,1
"Banyak tantangan dan ilmu baru yang memang harus lebih effort kalau mau bisa, atau bisa dibilang susah",1,2
"Saat itu, saya sempat mengerjakan proyek yang ternyata menggunakan salah satu metode dalam bidang Natural Language Processing (NLP)",1,3
Saya belajar banyak hal baru melalui kelas NLP dan saya juga menemukan bahwa saya cukup suka mengolah data text,1,1
"Kelasnya asik dan selalu menarik, dengan pengajaran yang interaktif dan penuh dengan diskusi",4,1
Jadi kesimpulannya mata kuliahnya memang cukup sulit dan akan lebih mudah jika lebih banyak belajar,1,2
"Namun, banyaknya projek antar mata kuliah yang sering bertabrakan deadline mungkin membuat tugasnya menjadi sulit",3,2
Bagi saya yang tertarik dalam codingan mata kuliah ini menjadi pengalaman belajar yang sangat saya sukai dan berharga karena ilmu codingan saya semakin luas bukan saja di perhitungan tetapi di bahasa juga,1,1
"Meskipun ada tantangan karena kelasnya dimulai pagi banget jam 7, yang kadang bikin saya kesulitan untuk bangun, pengalaman belajar yang didapat benar-benar sepadan",2,3
Tapi disisi lain saya juga ngerasa tertantang kalau pas ngerjain tugas-tugas sehingga nggak bikin bosen,3,3
"Kesan pertama yang saya rasakan adalah bahwa mata kuliah ini berhasil membuka wawasan tentang bagaimana mesin dapat memahami, memproses, dan menghasilkan bahasa alami manusia",1,1
"Kadang seru, kadang bikin istighfar",6,3
"Mata kuliah ini sangat relevan di era teknologi modern saat ini, di mana aplikasi seperti chatbot, analisis sentimen, dan pencarian informasi semakin penting nagi kepentingan bisnis",1,1
"Menurut saya, mata kuliah ini sangat dibutuhkan untuk saat ini dikarenakan projek yang dikerjakan merupakan ilmu yang sangat bermanfaat",6,3
"Selain itu, mata kuliah ini juga membantu dalam mata kuliah data mining 2, krn biasanya sudah dipelajaei lebih dulu di kelas nlp, jadi tidak terlalu bingung",6,1
Jadwal ini memberikan fleksibilitas bagi saya untuk tetap fokus dan produktif selama kelas berlangsung,2,1
"Materi yang disampaikan dosen cukup jelas dan tidak membosankan karena sering diberikan contoh penerapan nyata, seperti analisis sentimen, text classification, pembuatan chatbot sederhana, hingga implementasi fungsi pencarian teks",4,1
"Materi yang disampaikan oleh Bu Maryamah sangat relevan dengan perkembangan teknologi saat ini, terutama di era digital di mana pemrosesan bahasa manusia menjadi aspek penting dalam pengembangan teknologi seperti chatbot, mesin pencari, dan analisis sentimen",4,1
"Beliau memiliki kemampuan yang sangat baik dalam menjelaskan materi dengan cara yang sederhana dan terstruktur, sehingga memudahkan saya untuk mengikuti setiap penjelasan",4,1
"Saya merasa antusias ketika mempelajari bagaimana algoritma dapat memahami dan memproses bahasa manusia, dari tahap dasar seperti tokenisasi hingga implementasi model lanjutan berbasis deep learning",1,1
"Dalam dunia yang semakin didominasi oleh data berbasis teks, seperti media sosial, berita, dan ulasan produk, kemampuan untuk mengolah bahasa alami menjadi keterampilan yang sangat relevan",1,3
walaupun sebelumnya saya sempat mendengar testimoni dari kakak tingkat bahwa mata kuliah ini termasuk salah satu yang menantangâ€”katanya banyak konsep rumit dan tugasnya cukup menguras waktuâ€”saya tetap memutuskan untuk mengambilnya hehe,3,3
"Di sisi lain, terdapat kuliah tamu yang membuat insight baru dari luar",6,1
"Dalam mata kuliah ini, saya belajar bagaimana langkah-langkah preprocessing seperti tokenisasi, stemming, lemmatization, dan penghapusan stop words dapat meningkatkan kualitas data teks untuk analisis lebih lanjut",1,1
Pendekatan yang digunakan terkadang terasa agak ringan dan kurang menggali inti materi secara mendalam,1,2
Kesan saya terhadap mata kuliah NLP adalah teori pada mata kulian NLP memberikan banyak wawasan dan peluang berkreasi dalam bidang penerapan teknik pemrosesan bahasa alami,1,1
"Menurut saya, mata kuliah ini adalah salah satu mata kuliah yang sangat penting dan wajib diambil oleh seluruh mahasiswa TSD",6,3
"Awalnya sih kayak, ""Ah, gampang nih, belajar soal bahasa doang",6,3
"Materi yang diajarkan cukup relevan dengan perkembangan teknologi terkini, dan proyek-proyek praktis yang diberikan membantu memperkuat pemahaman",1,1
Sepertinya kalau dosennya bukan Bu Maryamah tidak akan seseru ini,4,3
Terlebih karena diajarkan oleh Bu Maryamah yang sangat mengenali materi ini,4,1
Dan yang paling menarik adalah ibunya dosen yang paling rajin masuk kelas yang pernah saya temui,4,1
"Saya juga merasa bahwa matkul ini disusun dengan seksama karena tiap minggunya selalu ada materi, modul, dan tugas yang jelas",4,1
Semua materi yang berhubungan dengan komputasi selalu menarik buat saya,1,1
saya merasa sangat senang sekali selama belajar natural language processing (nlp) selama satu semester ini bu hehe,6,1
Ketertarikan saya terhadap bidang ini semakin meningkat karena materi yang diajarkan sangat relevan dan aplikatif,1,1
Pesan saya untuk mata kuliah NLP sangat bermanfaat dan memberikan apa yg saya butuhkan,6,1
"Awalnya, saya sangat terkesan dengan kedalaman materi yang disajikan, terutama pada materi regex dan preprocessing lainnya",1,1
"Materi yang diberikan sudah mencakup berbagai topik penting, mulai dari teori dasar hingga implementasi dalam kasus nyata",1,1
"Materi yang diajarkan sangat relevan, terutama untuk menghadapi kebutuhan era digital saat ini",1,1
dan saya suka seru mengelolah data dan menghasilkan sesuatu yang keren banget,1,1
"Selama mengikuti perkuliahan ini, saya mendapatkan pemahaman yang lebih dalam tentang bagaimana teknologi dapat digunakan untuk memahami dan memproses bahasa manusia",1,1
"Dari yang sebelumnya bener bener ga tau gimana ngolah data text ditambah karena BDC 2024 tentang text dan waktu ngerjain ga tau samsek gimana ngerjainnya, akhirnya memutuskan buat ambil NLP biar ada bekal mengolah data text",6,3
Bonus kritik dan saran buat penulisan karya tulisnya,6,3
"Meski begitu, tugas ini sering terasa berat karena bertabrakan dengan tugas dari mata kuliah lain",3,2
Kemudian adanya perubahan bobot nilai yang ditekankan di UAS membuat saya ketar-ketir karena kalo nilai UAS akan sangat mempengaruhi hasil akhir,5,2
"mau full ambil 24 sks itu dari kwu dan tkm, TAPI NDADAPAATTT :((( akirnya yasuda,,, bisanya 23 sks,, tapi waktu itu udah full semua, sisa nlp,, itupun kelas tambahan kan ya bu, tapi dari pada dari pada akirnya yasuda",6,3
"Apa lagi NLP saya ambil bersama datmin II sehingga materi datmin II yang text processing terasa lebih ringan karena sudah pernah di bahas di NLP, jadi bisa review materi",1,1
"Hal yang paling saya ingat adalah algoritma seperti tokenisasi, stemming, lemmatization, dan vectorization untuk mengubah teks yang kompleks menjadi bentuk yang dapat dipahami oleh mesin",1,3
"Kelas ini menarik karena materi yang diajarkan sangat relevan dengan perkembangan terkini, khususnya dalam era AI yang semakin canggih",1,1
Bisa dikatakan hal yang paling menarik selama ini adalah ketika UTS,5,1
"00, saya harus belajar mengatur waktu dengan lebih baik agar dapat memulai hari dengan optimal",2,3
"Menurut saya, penjelasan dari bu Maryamah sebagai dosen pengampu disampaikan dengan cara yang jelas dan mudah dimengerti, sehingga mempermudah pemahaman mahasiswa terhadap topik yang terkadang cukup kompleks",4,1
"Salah satu hal menarik yang saya pelajari adalah cara membuat chatbot dan bagaimana komputer bisa menilai apakah sebuah kalimat bernada positif, negatif, atau netral",1,1
Ternyata setelah menjalani perkuliahan NLP selama hampir satu semester ini saya merasa enjoy (kecuali projek) karena banyak sekali insight yang saya dapatkan dan metode-metode yang belum pernah saya pelajari sebelumnya,6,1
"Jujur, awalnya saya kira NLP itu bakal sangat rumit (dan sampai sekarang pun masih terasa rumit ğŸ™‚)",6,2
"Saya banyak belajar dalam mengelola data teks dan dapat membangun suatu program yang menarik dan menantang tentunya, yaitu chatbot pada final project mata kuliah NLP ini",1,1
"Namun ada satu hal yang juga perlu diperhatikan yaitu pemberian tugas mendadak (ataupun deadline-nya) yang seringkali baru diberi tahu H-1 atau bahkan malam sebelumnya, sehingga membuat mahasiswa kesulitan baik dari segi pengaturan waktu maupun penyelesaian tugas itu sendiri",3,2
"waktu tau bu mar yang ngajar, agak lega dikit soalnya saya suka kalo ibu yg ngajar hehehe",4,1
"terutaam sentiment soalnya kayak lebih realistis aja gitu tau penerapannya didunia asli gimana, diajar bu mar juga seruu santai ngajarnya walaupun deadline sering mendadak",1,3
"Setiap mau NLP rasanya takut sih, takut gebrakan dan inovasi apa yang akan muncul walaupun sebenarnya inovasinya cukup membangun dan membuat kita jadi belajar",4,3
"Hal ini membuat saya semakin tertarik mendalami materi-materi yang disampaikan, karena ada relevansi langsung dengan apa yang pernah saya kerjakan",6,1
"Mata kuliah NLP cukup menyenangkan menurut saya, meskipun dilaksanakannya di jam rawan tetapi karena setiap hari Rabu, kopi alfamart diskon menjadi 10 ribu saja, saya jarang mengantuk di kelas",2,3
"Dosen sangat antusias dalam mengajarkan materi, sehingga suasana belajar menjadi hidup dan tidak membosankan",4,1
Saya merasa susah membagi waktu karena banyaknya proyek yang deadline tugas antar matkul yang jadwalnya bertabrakan,3,2
"Selama perkuliahan, saya mendapatkan wawasan mendalam tentang bagaimana komputer dapat memahami dan memproses bahasa manusia, mulai dari dasar-dasar tokenisasi hingga aplikasi yang lebih kompleks seperti analisis sentimen, text summarization, dan machine translation",1,1
"Materi yang diajarkan sangat berguna dan relevan, bukan hanya untuk mata kuliah ini, tetapi juga sangat bermanfaat untuk matkul-matkul lain",1,1
"Saya ngerasa kalo data teks itu kan bisa banyak banget kasusnya di dunia nyata, jadi lebih mudah buat bayangin nya ketika lagi ngerjain tugas atau projek",3,1
"Materi-materi seperti text preprocessing, sentiment analysis, machine translation, dan pengenalan model-model modern seperti Transformer atau BERT sangat aplikatif dan sesuai dengan kebutuhan industri teknologi saat ini",1,1
"Serunya itu disaat materi disampaikan dengan cara yang menarik, ditambah dengan praktik langsung yang membuat teori terasa lebih seru lagi",4,1
"Kesan
 Kesan yang saya dapatkan selama mengikuti mata kuliah ini adalah bagaimana kompleksitas bahasa manusia dapat dipecahkan menjadi masalah matematis dan komputasional",1,3
Kemampuan mahasiswa sangat diuji ketika mengikuti mata kuliah ini,6,3
"Selama pembelajaran, sangat interaktif antara dosen dan mahasiswa, tidak monoton",4,1
"Dari segi pengalaman, kelas ini terasa penuh kejutan",4,3
Tugas-tugas yang diberikan juga sangat membantu untuk memahami bagaimana teori diterapkan dalam praktik,3,1
"Cara penyampaian materi juga sangat terstruktur dan mudah dipahami, dimulai dari pengenalan konsep dasar hingga implementasi algoritma NLP menggunakan berbagai tools dan framework",1,1
"Penjelasan beliau selalu disertai dengan contoh-contoh yang relevan, yang membuat konsep-konsep yang awalnya sulit menjadi lebih mudah dimengerti",4,1
Salah satu hal yang sangat saya apresiasi adalah pendekatan pembelajaran yang menggabungkan teori dan praktik,4,1
"Selain itu, mata kuliah ini juga memberikan wawasan praktis melalui implementasi algoritma NLP menggunakan berbagai alat dan pustaka seperti NLTK, spaCy, dan Hugging Face",1,1
"di awal perkuliahan, masih mudah",6,1
"Saran saya disini adalah, mungkin di setiap awal mata kuliah apapun itu, mungkin harus ditekankan bagaimana alur belajar mata kuliah ini",6,3
Proses ini mengajarkan kita tentang pentingnya mengolah data teks dengan baik agar hasil analisis lebih akurat dan relevan,1,1
"Meskipun memberikan wawasan umum, pengajaran semacam ini seringkali membuat mahasiswa kesulitan untuk mengaitkan teori dengan praktik secara konkret",4,2
"Sebagai mahasiswa yang memiliki ketertarikan dalam bidang analisis data, saya merasa beruntung dapat mengikuti mata kuliah ini, karena dengan NLP, saya bisa memahami bagaimana teknologi dapat digunakan untuk menganalisis teks dan membuat keputusan berdasarkan data tersebut",6,1
"Alasannya sederhana, banyak ilmu terkait deep learning yang diajarkan di sini, mulai dari konsep dasar hingga implementasi yang lebih kompleks",1,1
""" Eh, ternyata makin ke sini makin berasa beratnya, apalagi kalau udah ngomongin coding dan teori yang rada ribet",6,2
"Namun, ada beberapa hal yang dapat ditingkatkan untuk pembelajaran ke depan",4,3
"Tapi saya rasa tiap hari agak deg-deg an, sebelum kuliah pasti tanya dulu ke kelas sebelah ada gebrakan apa tidak",4,2
Dimana Bu Mar mengajarkan dengan detail dan memberikan banyak insight baru untuk melakukan analisis data text,4,1
Bu Mar juga melakukan uplevel dengan melakukan guest lecture yang materinya sangat berbobot dan inspiratif untuk project akhir,4,1
Tapi beban semester 5 ini membuat saya harus â€œcut cornersâ€ dengan materi yang ingin saya pelajari dan sejujurnya materi NLP ini mungkin salah satu materi yang paling tidak saya kuasai di semester 5 ini,1,2
"Di awal awal okey, bisa diikuti dengan baik, sampe tibalah pada Project UAS",5,3
"Secara keseluruhan, materi NLP insightful tapi matkul ini sangat banyak beban tugasnya",3,3
"Akibatnya, bagi saya pribadi, pemahaman yang lebih mendalam terkadang terhambat karena butuh waktu lebih lama untuk benar-benar fokus mempelajari materi",1,2
Setelah 13 minggu saya menjalani perasaannya tetap sama yaitu takut dan deg degan dengan perkuliahan yang dialami,6,2
"lhako ternyata kelasnya juga pagi banget jam 7 ğŸ˜­ (makin-makin lah saya) tapi setelah ikuti mata kuliah ini ternyata seru juga bu, materi favorit saya sentimenttt analysisss hehehe, dan di project uas ini yaAllah bu kan ber5, tapi rasanya saya sama najla doang yang kerja, yang lain bener-bener kaya gapeduli heran banget, hampir tadi progress mau ga kita tulis tapi nggaena hati",5,3
"Kelasnya juga interaktif dan seru, ditambah ada challenge yang memacu adrenalin, jadi kelasnya gak monoton",4,1
"Mode-model seperti Word2Vec, BERT, dan penggunaaan ai seperti GPT, Llama, Flan-T5 juga saya pelajari bagaimana caranya agar model dapat menangkap makna konteks dan hubungan antar kata dalam teks",1,1
"Namun, harus diakui bahwa memahami materi NLP bukanlah hal yang mudah",1,2
"Jujur ujian dengan kaggle itu sangat inovatif dan seru menurut saya, karena pastinya kami akan sangat kompetitif untuk mencari metode-metode dan ilmu baru untuk saling bersaing satu sama lain",5,1
"Walaupun terkadang terasa berat, hal ini menjadi motivasi tersendiri untuk melatih kedisiplinan dan memanfaatkan waktu secara efisien",6,3
Saya juga merasa pembawaan bu Maryamah terasa menyenangkan dan cukup interaktif dikarenakan terdapat materi yang diberikan video atau bahasan-bahasan menarik,4,1
Rasanya menyenangkan karena bisa belajar hal baru yang sebelumnya tidak pernah terpikirkan,6,1
"Untuk projek, karena output yang diharapkan adalah paper yang dapat di upload ke jurnal saya rasa perlu sesi khusus untuk membahas penulisan dan penyajian hasil projek dalam paper yang memang memenuhi standar untuk di upload ke jurnal",5,3
"Waktu lihat bahan ajar dari kating, materinya bener-bener asing karena belum pernah saya pelajari sebelumnya",1,3
"Bagi saya sendiri, cara Ibu mengajar sudah sangat menyenangkan, mudah dipahami, dan membuat suasana kelas menjadi interaktif tidak hanya sekadar membaca ppt saja",4,1
"Sebagai saran, lebih baik jika tugas (atau deadline-nya) diberitahu lebih awal seperti seminggu sebelum sehingga mahasiswa juga dapat menyelesaikan tugas tersebut dengan lebih baik",3,2
tapi agak tercepot cepot tiap berangkat,2,2
sama super minus adalah kelompok uas saya flop banget ibuu tolongin saya,6,2
"Mungkin untuk ke depannya, modul mengenai Final Project dapat diberikan secara rinci sebelum pelaksanaan",5,2
"Namun, jadwal kelas ini yang diadakan pada pagi hari menjadi tantangan tersendiri bagi saya",2,2
Kelas NLP dilaksanakan di kelas 6,6,3
Hal ini membuat saya semakin tertarik untuk mendalami lebih dalam mengenai Natural Language Processing,6,1
"Mungkin agar siswa tidak terlalu terbebani, butuh pertimbangan untuk memberikan tenggat waktu yang lebih fleksibel atau menyesuaikan jadwal",6,3
Lalu selama pembelajaran NLP metode pembelajaran yang digunakan bagi saya cukup menarik dimana setelah materi disampaikan mahasiswa langsung turun mempraktikan codingan yang sudah dipelajarin,1,1
"Saya merasa ilmu tentang pemrosesan bahasa alami ini bisa diaplikasikan di berbagai bidang, terutama di era digital saat ini, seperti dalam pengembangan aplikasi dan analisis data",6,3
"Dari awal ngga pernah nyesel ambil nlp, tapi akhir-akhir ini lagi meratapi semester 5 yang super hectic dan ditambah ambil nlp yang bikin tambah hectic",6,3
"Selain itu, saya sangat terkesan dengan algoritma yang digunakan dalam mata kuliah ini",6,1
"Tugas-tugasnya juga menantang, terutama jika masih dalam batas kemampuan untuk dikerjakan",3,3
"Materi yang diajarkan, mulai dari preprocessing teks hingga chatbot disampaikan dengan cukup sistematis",1,1
Kesan yang saya dapatkan selama mengikuti mata kuliah ini adalah bagaimana mengolah data manusia yang sangat natural dipecahkan menggunakan pendekatan komputasi,1,3
Hanya saja beberapa hal yang suka mendadak agak kureng krn tugas smt 5 agak bikin meninggalğŸ˜¥,6,2
"Meski terkadang terdapat gerakan tambahan yang mengejutkan, justru hal tersebut sering kali memberikan tantangan baru yang menarik dan menantang kami untuk lebih kreatif dan berpikir kritis",4,3
"Setiap tugas dirancang dengan baik sehingga mahasiswa dapat langsung mencoba mengimplementasikan materi, biasanya dengan menggunakan Python dan library seperti NLTK, SpaCy, atau bahkan TensorFlow jika berkaitan dengan deep learning",1,1
Salah satu hal yang paling berkesan adalah tugas-tugas praktikum yang menantang namun tetap memberikan kesempatan untuk mengeksplorasi kemampuan individu,3,3
"Selain itu, Bu Maryamah juga selalu memastikan bahwa setiap mahasiswa mengerti sebelum melanjutkan ke materi berikutnya, yang menunjukkan perhatian beliau terhadap pemahaman kami",4,1
"Dengan adanya tugas proyek, kami tidak hanya memahami konsep tetapi juga belajar bagaimana menerapkannya ke dalam solusi nyata",6,1
"Saya belajar bagaimana membersihkan data teks, membangun model klasifikasi teks, serta menganalisis sentimen",1,3
"namum, seiring berjalannya waktu, teori dan praktiknya makin susah tapi saya mulai terbiasa dengan alur belajarnya karena ternyata asik karena melihat bagaimana teori bisa diterapkan langsung pada kasus nyata itu memberikan kepuasan tersendiri",4,3
Seperti contoh dalam NLP ini dari dasar-dasar banget kalian harus belajar ini Dan wajib 100% paham agar bisa paham untuk selanjutnya,6,3
Hal lain yang menarik adalah mempelajari sistem chatbot,1,3
"Untuk itu, diperlukan pendekatan yang lebih terstruktur dan memberikan penjelasan lebih mendalam agar mahasiswa dapat memahami materi dengan lebih baik",6,3
"Proses pembelajaran bahasa alami yang saya pelajari di kelas ini sangat beragam, mulai dari analisis sentimen, tokenisasi, lemmatization, hingga penerapan teknik machine learning dalam NLP",1,3
"Selain itu, materi-materi lain yang diajarkan juga tidak kalah pentingnya, seperti Information Retrieval, Sentiment Analysis, dan berbagai metode NLP lainnya yang relevan di dunia nyata",1,3
"Tapi ya, dari situ jadi ngerti gimana komputer bisa ""ngerti"" bahasa manusia",6,1
"Dari segi penyampaian materi, beberapa kali penjelasan terlalu cepat sehingga sulit untuk memahami konsep yang lebih kompleks, terutama bagi mahasiswa yang belum memiliki latar belakang kuat di bidang pemrograman atau matematika",4,2
"Untungnya kelas A1 hari Rabu, jadi udah ada testi dulu dari kelas sebelah",6,3
"Sebagai seorang expertice, Bu Mar juga tetap bisa mengajarkan ilmu yang ia miliki dan dapat dengan mudah dicerna oleh mahasiswa yang diajarnya",4,1
Saya salut dengan Bu Mar yang memberikan materi dengan penuh passion meskipun terkadang mahasiswa asyik sendiri,4,1
Saya merasa masih banyak hal yang masih belum saya pelajari,6,1
tapi sayangnya untuk ruang kelasnya tidak enak bu karena ngelag sinyalnya hehe,6,2
Beliau mengedepankan praktik yang membuat kami tidak hanya terjebak dalam teori atau bacaan dari slide presentasi,4,2
"Selain itu, mata kuliah ini juga sangat membantu dalam mata kuliah data mining 2, krn biasanya sudah dipelajarin lebih dulu di kelas NLP, jadi tidak terlalu bingung",1,1
"Juga sempat ada hands-on, membantu saya memahami teknik preprocessing data secara efektif",1,1
"Namun, ada beberapa hal yang menurut saya masih bisa ditingkatkan untuk ke depannya",6,3
Cara penyampaian materinya juga sudah jelas dan terstruktur dengan baik,6,1
"Kelasnya yang diadakan sangat pagi menjadi salah satu hal yang cukup susah
 
 Hal yang paling saya nikmati adalah ketika berhasil mengolah data teks dan menghasilkan sesuatu yang keren",6,3
"Siapa sangka, teknologi yang kita gunakan sehari-hari, seperti asisten virtual dan aplikasi penerjemahan, ternyata dibangun di atas prinsip-prinsip yang diajarkan di kelas ini!
 
 Kesan saya terhadap pengajaran dosen juga sangat positif",6,1
Mungkin untuk selanjutnya deadline tugas itu bisa diinformasikan seminggu sebelum hari H,3,3
"Penyampaian materi melalui ceramah dan presentasi PPT sangat cocok untuk kelas, karena mahasiswa memang perlu belajar dan mencari tahu lebih lanjut secara mandiri",1,1
"Live kaggle competitionnya bagus, perfect kalo dibolehin pakai laptop sendiri karena beberapa pc di lab kadang belum install library atau bahkan IDE nya, jadi lumayan menghambat",3,3
tapi balik lagi karena saya takut kesusahan di smt5 ini jadi sebenernya saya diawal bertekad untuk tidak mengambil mata kuliah ini karena takut merasa terpressure,6,2
"Sebagai contoh, kami mempelajari cara menggunakan alat-alat seperti tokenisasi, stemming, dan lemmatization untuk mempersiapkan data teks sebelum dianalisis lebih lanjut",1,3
"Kadang-kadang materi yang awalnya keliatan ribet jadi lebih gampang dipahami gara-gara penyampaiannya tuh smooth banget, terus juga dikasih latihan-latih, terus aku juga senenng banget karna konsul sama bu mary tuh enak banget bener-bener kaish masukan yang jelas",4,1
"Kekurangannya mungkin pas waktu UTS, dengan waktu yang mepet dan kurang untuk mengerjakannya seharusnya sebelum ujian para mahasiswa dihimbau untuk duduk sesuai urutan di cyber bukan kaya urutan kertas urutan yg didepan pintu ruangan",6,2
Data preprocessing yang bagus dapat membantu peningkatan akurasi untuk program yang dibuat,1,3
Hal ini membuat konsep-konsep yang mungkin terasa abstrak menjadi lebih mudah dimengerti dan diingat,6,1
"Dari sisi praktikal, tugas-tugas yang diberikan sangat membantu dalam memperkuat pemahaman, terutama saat mengimplementasikan model NLP untuk kasus nyata seperti text classification, sentiment analysis, atau machine translation",1,1
Pemberian materi juga diberikan dengan cara yang sangat sistematis,1,1
"Dengan membuat kode sendiri, kami jadi lebih siap menghadapi tugas-tugas lain, baik di mata kuliah ini maupun di mata kuliah lain yang juga melibatkan pemrograman",6,1
"Namun, ada beberapa hal yang menjadi tantangan selama perkuliahan",6,2
"Namun, ada beberapa hal yang menjadi tantangan selama perkuliahan",6,2
Memahami bagaimana mesin dapat mengenali dan memproses bahasa alami,6,3
Beliau mengedepankan praktik yang membuat kami tidak hanya terjebak dalam teori atau bacaan dari slide presentasi,4,3
"pesan:
 semoga matkul NLP kedepannya terus berkembang, dari pengajarannya juga mungkin bisa berganti dosen",6,3
"Selain itu, saya juga bingung tentang pemilihan model yang tepat, seperti kapan harus menggunakan SVM atau BERT atau yang lainnya",1,2
"UAS juga masuk akal, insightful, dan diberi waktu yang lama untuk pengerjaannya jadi tidak terlalu membebani",6,1
Mata Kuliah NLP ini sangat well planned ya ibu,4,3
"Dengan pendekatan yang baik dari Ibu Maryamah, saya mampu memahami konsep-konsep dasar hingga aplikatif tentang nlp",4,1
Salah satu tantangan terbesar yang saya hadapi adalah memahami kompleksitas algoritma dan penerapan model-model tersebut dalam skala besar,6,3
"Hal ini memudahkan saya untuk menghubungkan teori yang dipelajari dengan penerapannya di dunia nyata, seperti pada aplikasi chatbot, analisis sentimen, dan sistem rekomendasi",1,1
"Materi yang disampaikan sangat relevan dengan perkembangan teknologi saat ini, terutama dalam penerapan machine learning dan AI",1,1
"Materi yang paling sulit di mengerti adalah materi mengenai information retrieval karena, saat melakukan tugasnya, sources dan code contoh yang ada di google atau artikel lain sangat susah dimengerti dan masih kurang mengerti dengan cara membuat ground truth yang sangat penting untuk evaluasi suatu mode",1,2
"Ternyata banyak yang salah paham mengenai project uas ini, termasuk saya",5,2
Semoga semua hands on dan praktikum bisa bantu nilai uts dan uas ya Bu ğŸ˜­ğŸ™ğŸ» Trimakasih banyak ilmunya Ibuu,6,3
"Responsi yang mengharuskan kami cepat-cepatan terutama bagi saya, lebih nyaman belajar dengan fokus sendiri",3,3
Hal in mungkin didukung adanya pemilihan kelompok UAS yang diacak sehingga saya tidak mengetahui dengan pasti karakteristik orang kelompok,6,3
"hmm pokonya bu, setelah mengikuti mata kuliah ini, saya jadi sadar betapa luas dan menariknya dunia NLP ini, materi-materi yang diberikan juga membantu saya memahami bagaimana mesin bisa memahami bahasa manusia, tapi ya itu si bu, materi sentiment analysis dan text classification yang paling saya suka karna langsung terasa aplikatif, terutama untuk kehidupunk ğŸ¤ŸğŸ» di dunia nyata",1,1
Walaupun waktu challenge selalu ngeluh dulu sebelum mulai dan kalau ada pilihan tidak challenge saya juga akan memilih untuk tidak challenge tapi selalu seruuuu,6,2
"Selama proses belajar, saya sadar bahwa NLP sangat berdampak pada kehidupan sehari-hari",6,1
"Konsep-konsep seperti tokenisasi, embedding, hingga implementasi model deep learning untuk pemrosesan bahasa membutuhkan fokus dan dedikasi ekstra",1,1
"Jujur sangat seru bu (kenapa UAS ga KAGGLE jg bu T_T, wkwkwk)",6,1
"Pengajaran dosen sangat jelas dan terstruktur, membuat materi yang cukup kompleks terasa lebih mudah dipahami",4,1
"Banyak sekali pengaplikasian NLP yang telah dibahas dalam mata kuliah ini, seperti pembuatan chatbot, analisis sentimen, dan penerjemahan otomatis",1,3
"Tugas-tugasnya memang cukup menantang, tapi dari situ saya belajar banyak",3,3
Pesan : Saya berharap untuk mata kuliah NLP kedepannya bisa terdapat modul atau pun handson untuk setiap kali pertemuan untuk mempermudah proses belajar mahasiswa,6,3
"Tapi setelah mulai masuk ke penjelasan konsep dasarnya, ternyata seru juga",6,1
"Ibu menyampaikan materi NLP dimana hal tersebut baru bagi saya, namun Alhamdulillah saya dapat mengikuti dengan baik, terutama ketika saya masih ada ragu terhadap suatu materi, Ibu dengan senang hati menjelaskannya secara rinci dan pelan-pelan",4,1
Terima kasih,6,3
"udah lah jam 7, parkir biasanya dapet di ut, rasanya tu pen istighfar dan berharap bu mar selalu good moodğŸ«¶",2,2
Hal ini menghindari adanya ketidaksiapan dalam progress dikarenakan timeline yang terkadang mendadak dan tidak kami ketahui,6,2
"Jujur saja, saya cukup kesulitan untuk bangun pagi secara konsisten, sehingga terkadang kurang optimal dalam memulai aktivitas kelas",2,2
"04 pada jam-jam golden hour juga, jadi menjelang kelas selesai, saya juga bisa melihat langit yang indah",2,3
"Namun, ada beberapa hal yang menurut saya bisa diperbaiki",6,3
Lalu setelah itu yang ingin saya sampaikan dengan pengalaman perkuliahan NLP yang saya dapatkan adalah tentang jadwal kelas yang ditetapkan pada pukul tujuh pagi,2,3
Tidak lupa berpikir kritis dan kreatif dalam mempelajari studi kasus yang sering ditemukan di dunia nyata,6,1
Bu Mar juga membuat suasana kelas jadi lebih hidup,4,1
Apalagi materi akhir-akhir ini yang kayak information retrieval atau extraction itu bener-bener bikin capek :( Padahal pas awal-awal materi nlp saya seneng banget belajarnya dan ngerasa keren di tsd belajar ini,6,2
"Implementasi algoritma NLP menggunakan library seperti NLTK, SpaCy, atau Hugging Face memberikan pengalaman langsung tentang bagaimana teori diterapkan dalam dunia nyata",1,3
"Rasanya ada kepuasan tersendiri pas berhasil menyelesaikan tugas, apalagi kalau hasilnya sesuai ekspektasi",3,1
"Selain itu, adanya tugas proyek dan UTS yang berorientasi pada aplikasi nyata dan kompetitif, seperti text classification atau sentiment analysis, memberikan pengalaman langsung bagaimana NLP diterapkan dalam dunia kerja",3,1
Materi yang disampaikan seperti pengolahan teks dan chatbot merupakan materi yang sangat ingin saya dalami,1,3
"Kejutan-kejutan ini juga membantu menciptakan suasana belajar yang tidak monoton, bahkan sering kali menjadi bagian yang paling berkesan dalam proses pembelajaran",4,1
"Selain itu, diskusi yang sering dilakukan di kelas menciptakan suasana belajar yang lebih hidup, di mana mahasiswa diberi kesempatan untuk bertanya, berbagi ide, atau bahkan memberikan solusi alternatif terhadap permasalahan yang dibahas",4,1
"Saya merasa proses belajar tidak hanya fokus pada teori tetapi juga pada aplikasi langsung, yang membuat pemahaman terhadap materi semakin mendalam",6,1
"Namun, ada beberapa hal yang perlu diperhatikan terkait tugas-tugas yang diberikan",3,3
Ini sangat membantu untuk memahami kompleksitas sebenarnya dari NLP,6,3
"Salah satu aspek yang menarik adalah penerapan teknik seperti tokenisasi, stemming, lemmatization, dan representasi teks seperti TF-IDF serta word embeddings",1,3
"untuk uts, saya merasa cukup puas karena ternyata cukup mudah dan hasil akhir saya termasuk tinggi di leaderboard kaggle",3,1
"Mungkin bisa dibuat roadmap yang jelas untuk semua mata kuliah termasuk NLP ini, dengan seperti itu yang saya pikirkan adalah bagaimana mahasiswa tersebut bisa menghitung bagaimana kemampuan mereka, karena bahkan mahasiswa itu sendiri bingung bagaimana cara menilai diri mereka sejauh ini",6,2
"Saya memahami bagaimana chatbot dirancang untuk mengenali pola bahasa, memahami pertanyaan pengguna, dan memberikan jawaban yang sesuai",1,3
"Sebagai saran, pendekatan pengajaran bisa diperbaiki dengan memberikan penekanan yang lebih besar pada konsep-konsep kunci serta rincian yang relevan, sehingga mahasiswa dapat melihat aplikasi nyata dari teori yang diajarkan",6,3
"Saya juga merasa bahwa mata kuliah ini memperkaya kemampuan teknis saya, terutama dalam pemrograman dan penggunaan berbagai library Python seperti NLTK, spaCy, dan beberapa library lainnya",1,1
"Mata kuliah ini membuka wawasan saya tentang bagaimana teknologi dapat digunakan untuk memahami, menganalisis, dan mengolah bahasa manusia secara mendalam",6,1
"Nah, soal dosen, Bu Mar ini termasuk dosen yang keren banget, kelihatan banget ilmunya luas",4,1
Akan sangat membantu jika terdapat modul praktikum setiap bab materinya atau referensi pendukung,1,3
"Saya juga suka banget sama inisiatif Bu Mar buat ngajakin mahasiswa lihat video agar bisa di klaim dan di upload linkedIn, ngajakin join course AWS juga",1,1
Mata kuliah NLP ini sangat seru dan asik,6,1
"Namun, saya merasa di materi information retrieval kurang maksimal proses mengajarnya karena tidak ada modul kode sehingga saat mengerjakan tugas saya tidak memiliki pedoman yang pasti",6,2
Perasaan saya bahwa banyak materi yang tidak saya kuasai ini lebih merujuk ke â€œmissâ€ di pengertian saya soal Natural Language Processing itu sendiri,1,2
lalu untuk ilmunya sendiri insyaAllah dapat saya gunakan untuk skripsi saya agar saya bisa terus maju dan berkembang serta tumbuh lebih baik,6,1
"Dengan pendekatan ini, kami dapat mengaplikasikan konsep-konsep yang telah dipelajari secara langsung, sehingga pemahaman kami terhadap materi menjadi lebih mendalam",6,1
"Materi-materinya dijelaskan dengan praktis, sehingga mahasiswa bisa langsung mencoba dan paham penerapannya di dunia nyata",1,1
Kuliah tamu yang dihadirkan juga menjadi salah satu highlight tersendiri bagi saya,6,1
Salah satunya adalah pengalaman saya saat Ujian Tengah Semester (UTS),5,3
"Sesi challenge nya juga menarik bgt buat nambahin nilai, terus penjelasan teorinya juga berjalan beriringan sehingga cukup membantu untuk memahami konsep-konsep yang sebelumnya terasa abstrak",3,1
"Misalnya, ketika model yang saya buat mampu memahami dan memprediksi makna dari kalimat-kalimat tertentu, saya merasa sangat puas",6,1
"Dosen tidak hanya menyampaikan teori dengan jelas, tetapi juga memberikan banyak contoh praktis yang memudahkan kami untuk memahami konsep-konsep yang kompleks",4,1
"Lalu, untuk cara dosen menjelaskan materi itu menurut saya cukup menyenangkan dan interaktif karena Bu Maryamah selalu bisa membawakan materi dengan all out meskipun tidak banyak praktikum di kelas, jadi bagi saya sendiri meskipun kelas nya pagi tapi tidak terlalu mengantuk atau bosan",4,3
"Metode ini membantu meningkatkan kemandirian, namun terkadang membuat beberapa konsep sulit untuk dipahami secara menyeluruh",6,3
hehehe tapi ternyata waktu KRS saya ngga dapat matakuliah lain dan sks saya masih kurang,6,3
"Kami juga belajar bagaimana membuat model bahasa dan menggunakan algoritma machine learning untuk memahami teks secara lebih mendalam, misalnya dalam tugas-tugas seperti analisis sentimen dan pengenalan entitas bernama",1,3
"Tapiii, ada satu hal yang lumayan bikin malasss, jam kuliahnya kepagian! Jam 7 bangettttt, kayak harus bangun pagi banget, atau ngga baru bangun liat jam langsung mandi trus berangkat takut telat",2,2
"Tetapi saya senang project akhirnya berupa paper, karena menurut output project paper lebih bagus daripada output berupa program dll",3,3
"Selain itu, materi yang dipelajari sangat membantu saya dalam memahami mata kuliah lain, seperti Data Mining II karena keduanya saling berkaitan, terutama dalam klasifikasi, clustering, dan analisis sentimen",1,1
"Selain itu, suasana kelas yang santai dengan banyak humor membuat pembelajaran menjadi jauh dari kata membosankan",4,1
"Namun, tantangan terbesar adalah memahami teori di balik model deep learning yang seringkali kompleks dan membutuhkan waktu untuk benar-benar dipahami",1,2
"Namun, menurut saya, ada beberapa hal yang bisa dilakukan supaya kelas NLP jauh lebih seru dan menantang",6,3
Hal lain yang saya apresiasi adalah struktur pembelajaran yang sistematis,6,1
"Salah satunya adalah penugasan yang sering kali diberikan secara mendadak, sehingga membuat pengelolaan waktu menjadi lebih sulit",3,2
"Salah satunya adalah penugasan yang sering kali diberikan secara mendadak, sehingga membuat pengelolaan waktu menjadi lebih sulit",3,2
Menurut saya ini menjadi tantangan tersendiri,6,3
"Dengan pendekatan ini, kami dapat mengaplikasikan konsep-konsep yang telah dipelajari secara langsung, sehingga pemahaman kami terhadap materi menjadi lebih mendalam",1,1
"Saya kira output dari project UAS ini adalah web seperti Alpro II, teman-teman saya juga banyak yang mengira demikian, namun saat minggu progres ke 2, saya memastikan, ternyata harapan outputnya adalah paper based dan ga harus website",6,3
"Namun, ada satu hal yang menurut saya tidak perlu, yaitu sistem penilaian projek mingguan",3,2
Tidak hanya itu pada UTS juga adanya live coding membuat saya takut tidak bisa mendapatkan akurasi sesuai yang diharapkan,5,2
"Terima kasih ya bu, atas pengajarannya yang sabar dan selalu memberi insight baru di setiap pertemuan! ğŸ˜Š uda gitu makasih juga ya bu sudah jadi dosen yang superrrrr solutifff!!! sehat-sehat ya bu Maryaamm ğŸ™ŒğŸ»",4,1
"Namun, kendala saya dimulai saat projek UAS",5,3
"Seperti chatbot, sentiment analysis, translate, yang sangat membantu mempermudah pekerjaan",1,1
"Kadang, meski sudah membaca ulang slide dan referensi, tetap ada bagian-bagian tertentu yang sulit dipahami tanpa eksplorasi mandiri atau diskusi tambahan",1,2
"Nah, untuk sisi negatifnya, mungkin untuk mata kuliah ini bisa dipidahkan ke lab karena setiap kali mata kuliah NLP, pasti kendalannya adalah LAPTOP HABIS BATERAI !!!",6,2
Salah satu pengalaman menarik adalah ketika ada sesi pembelajaran dari dosen Universiti Teknologi Malaysia (UTM),6,1
"Semua ini memberikan gambaran yang nyata mengenai pentingnya NLP dalam berbagai bidang, baik di dunia industri maupun akademik",6,1
"Kadang memang membingungkan, tapi saat berhasil menyelesaikannya, rasanya sangat puas",6,3
Dan saya berharap kedepannya projek bisa lebih terpantau oleh secara langsung dosen pengampu dan bisa mendapat feedback dari dosen secara cepat,6,3
"Materinya menarik, jadi meskipun susah, tetap enjoy untuk diikuti",1,3
"PPT yang diberikan juga telah lengkap, namun mungkin saya dapat memberi sedikit saran yakni untuk memberikan source code atau sesi praktikum di samping penyampaian teori",1,3
tiap minggu juga sering degÂ²an gara gara bu mar suka tiba tiba kasih tugas ato class activity,4,2
Pemilihan kelompok mungkin juga perlu ditinjau kembali,6,2
"Meski begitu, dosen pengajar dalam mata kuliah ini, Bu Mar, sangat membantu saya untuk tetap termotivasi",4,1
Teman saya intan seringkali memfoto atau video langitnya,6,3
Salah satunya adalah banyaknya tugas yang diberikan,3,2
"Ini menurut saya cukup sulit, terutama bagi siswa yang harus berangkat dari jarak jauh atau memiliki aktivitas lain sebelum pukul tujuh pagi",2,2
"Salah satu tokenisasi yang menarik dan sering dipakai adalah NLTK dan sastrawi, diawal saya belum memahami tetapi ternyata setelah dipelajari tokenisasi ini sering kita temui di dunia nyata bahkan sering ditemui juga di mata kuliah data mining yang membantu saya dalam mempelajari mata kuliah tersebut",1,3
Cara ibu mengajar yang interaktif dan mudah dipahami membuat kita lebih tertarik untuk belajar,4,1
"Tapi overall tetep worth it banget semester 5 ambil nlp karena saya jadi punya banyak projek yg bisa buat porto hehehe, bermanfaat juga buat kedepannya, buat mulai mikirin skripsi mau bikin apa",6,1
"Tantangan yang diberikan, seperti membuat chatbot sederhana atau analisis teks berbasis data nyata, memberikan insight tentang kompleksitas sekaligus potensi teknologi ini",1,1
"Namun, ada juga momen-momen yang bikin istighfar",6,2
"Namun, tantangan terbesar dalam mata kuliah ini adalah memahami konsep yang cukup abstrak, terutama pada topik-topik seperti machine translation dan chatbot",1,2
"Selain itu, penggunaan kaggle sebagai alat untuk kompetisi saat uas adalah sesyatu yang menurut saya baru dan menyenangkan, dekarenakan kkmpetisi sesama teman seperjuangan yang sangat intens",4,1
"Interaksi di kelas juga sangat hidup, membuat pembelajaran menjadi lebih menyenangkan",4,1
"Pembagian materi teori dan praktik juga seimbang, jadi kita tidak hanya memahami konsep dasar, tetapi juga tahu cara menggunakannya dalam kasus nyata, misalnya membangun aplikasi yang dapat memahami atau memproses bahasa manusia",1,1
"Selain itu, diskusi di kelas juga menjadi momen yang menyenangkan karena Bu Maryamah selalu mendorong keterlibatan aktif mahasiswa",6,1
"Terkadang, jumlah tugas yang diberikan cukup banyak dan deadline-nya terasa cukup cepat",3,2
"Namun, ada beberapa aspek yang saya rasa belum terlalu diangkat dalam kelas tetapi penting untuk dipahami, seperti proses deployment model NLP ke lingkungan produksi",1,1
"Ini membuka wawasan tentang bagaimana komputer ""memahami"" bahasa manusia",6,1
walaupun memang sempat ada kendala tapi alhamdulillah tetap lancar,6,3
Harapan saya adalah dengan ini mahasiswa bisa mengejar hal-hal yang perlu dikejar dengan lebih jelas sejauh ini,6,2
"Ilmu ini tidak hanya membuka wawasan tentang teknologi modern, tetapi juga memberikan kesempatan untuk membuat aplikasi yang bermanfaat di berbagai bidang seperti konsultasi kesehatan, edukasi, atau layanan pelanggan",1,1
Penggunaan contoh konkret dan studi kasus yang relevan akan membantu memperjelas materi dan memudahkan pemahaman,1,1
"Dengan mempelajari teknik-teknik seperti Named Entity Recognition (NER), part-of-speech tagging, dan sentiment analysis, saya menjadi lebih memahami bagaimana komputer dapat memproses dan memahami bahasa manusia",1,1
"Tidak hanya teorinya saja, tetapi juga aplikasinya dalam berbagai proyek yang menantang namun menarik",6,1
"Tapi ya gitu, tugas-tugasnya gak main-main, banyak banget",3,2
"Jadi dengan adanya modul ini harapan saya mahasiswa dapat lebih terarah dalam pengerjaan tugas-tugas yang ada
 
 Dari sisi evaluasi, saya merasa tugas mingguan terkadang terlalu berat jika dtidak ada modul panduan yang pasti",3,1
Kayanya dosen lain gaada yang kaya gini deh bu,4,2
"Walaupun saya sering jadi beban kelompok karena kurang menguasai materi, tapi teman-teman tetap mengajak untuk bekerja bersama-sama agar semua mengerti",6,1
Teman-teman lainnya pun ternyata juga merasa demikian,6,2
Saya masih merasa bahwa banyak hal yang bisa dipelajari daripada sekedar membuat model,6,3
"untuk tugasnya sendiri, saya rasa cukup mudah (mudah-mudahan bertahan)",3,2
Saya merasa bahwa pengalaman belajar ini sangat berharga,6,1
Tapi saya rasa jam kelasnya sangat tidak strategis krn pas jam-jam istirahat sianggg,2,2
"Namun, di penghujung semester, saya merasa ada beberapa materi yang kurang begitu mendalam",1,2
"Saya kurang puas dengan hasil Ujian Tengah Semester (UTS) karena waktu pengerjaannya terasa sangat terbatas, sehingga tidak optimal saat melakukan training model",5,2
"Tugas-tugas yang diberikan menantang, tapi justru mendorong saya untuk lebih banyak belajar dan eksplorasi",3,1
Rasanya luar biasa melihat bagaimana teori yang dipelajari bisa diimplementasikan secara nyata,1,1
"Proyek dan tugas yang diberikan memang menantang, tetapi sangat membantu dalam mengasah keterampilan kami",3,1
"Saya merasa, akan lebih baik jika dilengkapi dengan praktikum mingguan",3,3
jadi mau nggamau saya harus ambil mata kuliah NLP,6,3
Saya sangat menghargai metode pengajaran Bu Maryamah yang sangat efektif dan mendukung pemahaman kami terhadap materi yang kompleks ini,4,1
"Eh, satu lagi yang agak bikin kesal, kerja kelompoknya! tugas 1 yang kelompok itu sebel banget anggotanya apatis semua, aku ngerjain webnya sendiri, idenya sendiri, terus kek ga dijawab di gorup! sampe aku marah, terus di UAS ini juga sebel banget sama anggota kelompok (kecuali kyla, untung ada kyla), mereka tuh kayak nggak mau tau soal progresnya, udh aku cariin refrensi, aku kasih jurnal-jurnal, yang ngegubris cuman kyla",3,2
"Secara keseluruhan, mata kuliah NLP ini memberikan wawasan mendalam dan keterampilan yang sangat berguna bagi saya di era digital",1,1
"Dengan mengikuti mata kuliah ini, saya lebih memahami bagaimana teknologi NLP dapat diterapkan di berbagai bidang, seperti pengembangan chatbot",1,1
"Bahkan ketika materi yang diajarkan tergolong kompleks, seperti algoritma machine learning atau analisis teks lanjutan, suasana kelas tetap terasa ringan dan menyenangkan",1,1
"Sebagai pesan, saya berharap mata kuliah ini terus dikembangkan dengan studi kasus yang lebih beragam dan materi yang lebih terstruktur untuk membantu mahasiswa dari berbagai latar belakang",1,1
"Misalkan, format UTS, bisa menggunakan dataset yang jauh lebih amburadul dibandingkan sebelumnya, dan waktu pengerjaan yang lebih panjang, mungkin sekitar 2 minggu, supaya mahasiswa memiliki lebih banyak waktu untuk eksplor dan memahami penggunaan metode dengan lebih maksimal, sehingga mahasiswa tidak hanya mencoba2 metode atau bahkan hanya asal menggunakan model agar mendapatkan hasil yang baik",5,2
"Setiap minggu, materi yang diberikan terasa relevan dan terus berkembang, dari yang dasar seperti pengolahan teks sederhana hingga aplikasi yang lebih kompleks seperti pembuatan chatbot atau analisis data teks besar",1,1
"Terkadang, misinformasi terkait instruksi tugas juga menimbulkan kebingungan di antara mahasiswa",3,2
"Terkadang, misinformasi terkait instruksi tugas juga menimbulkan kebingungan di antara mahasiswa",3,2
Hal yang paling berkesan bagi saya adalah perkuliahan tamu yang membahas tentang machine translatiion dan chatbot,1,1
Saya merasa bahwa pengalaman belajar ini sangat berharga,6,1
makasii ibuu semoga nilai UAS saya baguss aminn,6,1
"Saya berharap dalam mata kuliah NLP ke depannya, contoh pengolahan data seperti sentiment analysis, information retrieval, keyword extraction, dll bisa lebih diperjelas, terutama mengenai preprocessing yang digunakan (apakah serupa atau berbeda untuk setiap topik, dan jika berbeda, mengapa demikian)",1,1
Mungkin dapat diperbaiki dengan menambah waktu pengerjaan,3,2
Lalu untuk project UAS menurut saya karena kelompoknya sama kakak tingkat nyesuain waktunya lebih susah karena urusan satu dengan yang lain,5,2
"Namun, cara penyampaian yang terstruktur dan jelas membuat pembelajaran menjadi lebih menyenangkan",4,1
"Hal ini menyebabkan perubahan ide/pemikiran di tengah progres project yang memang sebelum-sebelumnya saya dapat IE, bingung harus buat web apa, menjadii ""oooh ternyata paper based""",5,2
"Hal ini secara pribadi membuat saya kurang nyaman, terutama ketika proyek tidak menjadi pilihan utama",6,2
"Di sisi lain, mengikuti NLP membuat saya terbuka dengan pengalaman serta ilmu baru terkait dengan pemrosesan bahasa",6,1
"Saya bener bener bingung apa yang harus saya lakukan, tidak ada gambaran kedepannya sama sekali",6,2
"Tetapi, disamping itu, ada beberapa tantangan yang cukup sulit dilalui selama saya belajar, seperti bagaimana cara memproses suatu data hingga menjadi bersih, bagaimana mengekstrak suatu dokumen yang memiliki beragam jenis file, dan bagaimana caranya agar model yang saya buat dapat memiliki hasil yang sesuai dengan yang saya harapkan",1,2
"Sebagai saran untuk peningkatan, akan sangat membantu jika setelah semua tugas selesai, mahasiswa diberikan akses ke solusi atau hasil kodingan yang ideal dari tugas-tugas yang telah dikerjakan",3,2
"Jadi beberapa dari kami, tidak bisa langsung mencoba codingan di kelas",6,2
"Sesi tersebut memberikan sudut pandang baru yang memperkaya pemahaman saya tentang NLP, khususnya bagaimana teknologi ini diterapkan di luar negeri",6,1
"Selain itu, pendekatan interaktif dalam pembelajaran, seperti penggunaan studi kasus dan praktikum, sangat membantu mahasiswa memahami konsep-konsep NLP secara lebih menyeluruh",4,1
"Dosen dan asisten pengajarnya juga sangat membantu, selalu memberikan penjelasan yang mudah dipahami dan mendukung ketika ada yang kesulitan",6,1
"Materi yang diajarkan mencakup banyak hal, mulai dari preprocessing teks seperti tokenisasi, stemming, sampai pengenalan model machine learning kayak NaÃ¯ve Bayes dan Transformer",1,1
Mungkin dari 3 SKS mata kuliah NLP dapat digunakan 2 SKS sebagai penyampaian teori dan 1 SKS untuk latihan implementasi teori tersebut,6,3
"itu cukup menggoncang ganjingkan mental saya:(
 terima kasih ya bu mar udah jadi dosen yang baik, walaupun kadang saya bingung",6,2
"Karena dalam beberapa kasus, ada anggota yang kurang berkontribusi, sehingga beban kerja menjadi tidak merata dan sangat membebani anggota lainnya",6,
Gaya penyampaiannya yang asik dan interaktif membuat materi yang mungkin awalnya terasa kompleks menjadi lebih mudah dipahami,4,1
"Materi di mata kuliah NLP cukup mudah dipahami namun, tidak terlalu gampang untuk di praktikkan T_T",1,3
"Tugas-tugasnya memang menantang dan membuat kita terus berpikir, tetapi jumlahnya terkadang terlalu banyak, apalagi dengan penambahan fitur unik yang terus berubah-ubah",3,2
"Seringkali, konsentrasi berkurang karena tubuh belum sepenuhnya siap untuk belajar dengan lebih efektif",6,2
"Selain itu, pembelajaran mata kuliah ini memperkenalkan saya pada berbagai teknik dan metode NLP yang sering diterapkan dalam kehidupan sehari-hari",1,1
Diskusi yang dilakukan di kelas sangat membantu dalam memahami konsep yang mungkin terdengar rumit,4,1
Cara penyampaiannya bu maryamah ketika ngajar juga top banget dan jadi lebih mudah dipahami,4,1
"Dari sisi pesan, saya merasa mata kuliah ini dapat lebih optimal jika modul hands-on penugasan diunggah langsung di e-learning",6,3
"Salah satunya pas tugas hampir tidak ter-handle karena susah, miskom atau waktu yang mepet",3,2
"Pesan
 Untuk pengembangan kedepannya, akan sangat membantu jika dosen menyediakan studi kasus dari industri atau kolaborasi dengan perusahaan terkait NLP, sehingga mahasiswa dapat melihat manfaat nyata dari teori yang dipelajari",6,1
Pemberian tugas yang sevara berkala juga membantu saya dalam memahami materi yang telah saya dapatkan di kelas,3,1
Diskusi yang aktif dan keterlibatan mahasiswa dalam setiap materi yang diajarkan menjadikan suasana kelas terasa lebih dekat dan kolaboratif,4,1
"Meskipun mata kuliah ini cukup sulit dan membutuhkan usaha ekstra, pendekatan pengajarannya membuat materi lebih mudah dipahami",1,1
Beliau sangat responsif terhadap pertanyaan dan memberikan penjelasan yang mendetail,4,1
"Hal ini bisa membuat kami merasa kewalahan, terutama jika ada tugas dari mata kuliah lain yang juga memiliki deadline yang rapat",3,2
"Selain itu, pengelolaan data dalam jumlah besar (big data) dan penanganan bias dalam data juga bisa menjadi topik tambahan yang memperkaya pembelajaran",1,1
"Tidak hanya itu, tugas-tugas praktikum yang diberikan sangat menantang untuk berpikir kritis dan kreatif, terutama dalam menyelesaikan masalah berbasis teks yang kompleks",3,1
"sedangkan untuk uas, saya mendapat materi chatbot:) tapi hehe alhamdulillah saya mendapat kelompok yang cukup koperatif sehingga tetap bisa waras ditengah gempuran projek projek uas yang lainnya",5,1
"Selain itu, mata kuliah ini memberikan pemahaman mendalam tentang teknik pencarian informasi (information retrieval) yang efektif",1,1
"Selain itu, lebih banyak kesempatan untuk interaksi di kelas juga sangat penting",4,1
"Dari segi pesan saya berharap agar mata kuliah NLP dapat terus berkembang, dengan lebih banyak topik yang dapat diterapkan langsung dalam proyek dunia nyata dan bisa mengikuti kebutuhan industri saat ini",6,1
"Namun, selain kesan positif tersebut, saya juga punya sedikit masukan atau pesan",6,1
"Sering mikir, ""Bu, kasih nafas dulu dong, tugasnya bikin begadang terus!"" Tapi di sisi lain, tiap tugas itu ternyata bikin kita paham lebih dalam soal materi, jadi nggak cuma ngerti di permukaan doang",6,3
Hal ini membuat beberapa dari kami sebagai mahasiswa kesulitan mengerjakan tugas dengan maksimal,3,2
Kalau jelasin di kelas juga mudah dimengerti dan jawaban Bu Mar itu reasonable aja di pikiran saya,4,1
Saya bersyukur untuk masuk ke kelas NLP ini karena bukan kelas pagi hehehe,2,3
"Untuk itu, saya berharap Bu Mar dapat mengevaluasi terkait modul di bab tersebut supaya mahasiswa memiliki pedoman yang pasti dalam mengerjakan tugasnya",3,2
Yang paling saya tidak suka dari mata kuliah ini adalah adanya beberapa praktikum di kelas yang diwaktu dan diburu-burukan untuk selesai pada saat itu juga,2,2
"untuk ujian tengah semesternya sih oke lah ya bu, tapi kagglenya kemarin ngecrash bu jadi lama ngerjakannya hehe",5,3
"Melalui proyek dan tugas yang diberikan, kami diajak untuk berpikir kritis dan kreatif dalam menyelesaikan masalah",3,1
"tapi selama kelas, sangat interaktif antara dosen dan mahasiswa, tidak monoton, jadi cukup membantu biar gak gitu ngantuk",4,1
"Beberapa konsep penting, secara subjektif bagi saya, kurang dijelaskan secara menyeluruh",6,1
"Selain itu, saat mengerjakan UAS di Kaggle, saya sempat mengalami kendala teknis karena platform tersebut ngecrash",5,2
"Walaupun kadang rasanya agak sulit, proses tersebut membantu saya lebih memahami bagaimana NLP bisa diterapkan dalam berbagai situasi nyata",6,1
"Secara keseluruhan, MK NLP 2024 ini memberikan pondasi yang nagus bagi saya yang ingin mendalami bidang NLP",6,1
"Saya merasa semakin penasaran untuk mengeksplorasi lebih dalam tentang NLP, terutama setelah melihat bagaimana teknologi ini dapat diterapkan dalam berbagai bidang",6,1
"Praktikum ini dapat membantu mahasiswa memahami materi lebih mudah, sekaligus membuat setiap pertemuan lebih terstruktur dan aplikatif",6,1
"Tapi abis itu tetep masih agak bingung sii, ya begitu lah maapkan bu, akan kami maksimalkan lagi bu di UAS besok insyaallah :) Hal ini menurut saya mungkin disebabkan karena tidak ada modul yang jelas untuk proyek UAS NLP ini dan penjelasan di awal",5,2
Saya merasa hal ini dapat membuat beberapa mahasiswa merasa kurang percaya diri disamping segala keterbatasan kelompok maupun pribadi yang ada,6,2
Saya jadi mengerti betapa bahasa itu memang menjadi penyambung komunikasi dan bagaimana mengartikan bahasa itu sangatlah krusial,6,1
"Awalnya saya kira harus membuat website, namun ternyata tidak cukup paper based saja",5,3
"Secara keseluruhan, setelah belajar NLP, saya bersyukur bisa menjalani mata kuliah ini dan saya terus berusaha agar kedepannya, saya bisa memanfaatkan dan mengaplikasikan apa yang telah saya pelajar di mata kuliah NLP ini",6,1
"Dengan begitu, mahasiswa bisa membandingkan pendekatan mereka dengan cara yang lebih baik atau lebih efisien",6,3
"Mungkin untuk solusi lainnya bu, bisa difasilitasi dengan banyak kabel rol untuk kelasnya",6,2
Hal ini juga mendorong saya untuk melihat NLP dari perspektif global dan memahami potensinya yang luas,1,1
"Bagi saya, salah satu yang menarik adalah tugas kelompok penerapan regular expressions (regex), dimana memberikan pengalaman langsung terkait implementasinya dengan cara yang seru",1,1
Suasana belajar jadi terasa nyaman dan menyenangkan,6,1
"Penjelasan dosen sangat cukup jelas, cuma ada beberapa hal yang mungkin bisa diperbaiki",4,1
"Final project yang diberikan pada mata kuliah NLP ini sangat menarik, serta memberi wawasan sekaligus pengalaman berharga bagi saya untuk dapat membangun program chatbot",5,1
"menurut saya bu mar itu dosen yang paling dekat dengan mahasiswa (kadang beberapa dosen itu terlihat tembok pembatasnya, tapi jenengan engga)",4,1
Mungkin diperlukan mekanisme evaluasi individu dalam kelompok agar setiap anggota merasa bertanggung jawab terhadap tugasnya,6,1
"Secara keseluruhan, meskipun jadwal pagi menjadi tantangan, kualitas pengajaran dan topik yang relevan membuat saya merasa senang mengikuti mata kuliah ini",2,1
NLP sering ada class activity kan ya ibu? kadang saya kesulitan tapi Alhamdulillah masih bisa dilewati,3,3
"Fitur-fitur tambahan ini seringkali membuat kami kesulitan, karena perlu memahami konsep baru dengan cepat dan menerapkannya dalam waktu terbatas",6,2
"Sebaliknya, saya sangat mengapresiasi upaya dosen untuk membuat suasana kelas menyenangkan",4,1
Tantangan seperti memahami preprocessing data teks yang berantakan dan menerapkan algoritma NLP dengan benar,1,3
"Namun, ada kalanya informasi mengenai tugas atau ujian datang mendadak, dan itu bisa bikin panik, apalagi pas lagi banyak deadline project lain",3,2
"Sama kayak matkul lainnya, kalau bu maryamah yang ngajar saya jadi lebih cepet nangkepnya",4,1
"Dengan demikian, kami dapat mengakses materi dan panduan tugas secara terstruktur dan jelas, sehingga meminimalkan potensi kesalahpahaman mengenai instruksi atau harapan dosen",3,2
Belum lagi pengalaman UTS kemarin menguji mental banget,5,2
"Selain itu, penyediaan tutorial praktis atau dokumentasi lebih detail mengenai implementasi kode Python dapat mempercepat pemahaman mahasiswa",4,3
Selain itu dosen yang mengajar juga sangat kreatif dalam membuat tantangan baru di setiap pertemuan,6,1
Cara Bu Mar dalam menyampaikan materi patut diacungi jempol,4,1
"Secara keseluruhan, mata kuliah ini memberikan pengalaman belajar yang menarik, aplikatif, dan sangat berguna, terutama bagi mahasiswa yang tertarik mendalami bidang natural language processing secara lebih mendalam",1,1
"Dengan demikian, suasana kelas terasa sangat inklusif dan mendukung proses pembelajaran",4,1
"Meskipun saya mengerti bahwa tugas ini bertujuan untuk meningkatkan pemahaman dan keterampilan kami, namun mungkin akan lebih baik jika ada penyesuaian terkait beban tugas agar kami bisa mengelola waktu dengan lebih baik",3,3
"Contoh nyata yang dipelajari, seperti text mining berbasis aspek dan pengelompokan dokumen, sangat relevan untuk diterapkan di dunia nyata",1,1
"selain itu, bu maryamah dan teman-teman di kelas sangat membantu",6,1
"Saya mempelajari bagaimana sistem dapat menemukan informasi relevan dari kumpulan data besar dengan memanfaatkan metode seperti TF-IDF, Word2Vec, dan algoritma lainnya",1,1
"Diskusi kelompok, tanya jawab, atau bahkan presentasi oleh mahasiswa dapat memperkaya pengalaman belajar",6,1
Harapan saya kedepannya semoga mata kulian NLP dapat terus berkembang dan pembelajaran yang dilakukan bisa dilakukan lebih interaktif dengan pengenalan metode-metode baru yang bisa di eksplorasi lebih lanjut pada pemrosesan Bahasa alami,6,1
"Jadwal mata kuliah ini cukup menantang untuk saya, terutama karena diadakan terlalu pagi",2,3
"Walaupun kadang capek, tapi tetep merasa banyak manfaatnya",6,1
"Untuk ke depan, mungkin tugas-tugas bisa lebih terstruktur dan disertai dengan modul praktikum",3,1
Kesan yang lain mungkin lebih ke pressurenya sih bu hehehe (konteks: Live code UTS dan project UAS),5,2
"Saya seneng sih soalnya temen-temennya oke banget, jadi saat pembagian kelompok ga takut sekelompok sama orang-orang menyebalkan",6,1
Saya juga sangat berterimakasih kepada Bu Mar yang telah memfasilitasi sertifikasi NLP AWS dengan gratis kepada kami,6,1
Pembelajaran metode ini sama sekali bukan tipe yang cocok untuk saya,4,2
untuk ujian akhir semesternya ini awalnya saya ngiranya nanti ngolah data skripsi bu tapi kok tidak jadi ya bu (emot sedih),5,2
Keputusan untuk menjadikan output dari proyek UAS dalam bentuk paper adalah langkah yang sangat dibutuhkan oleh mahasiswa,5,1
"Diskusi di kelas juga seru, apalagi kalau udah bahas topik yang lagi hype di dunia teknologi",4,1
"Sehingga, orang yang ingin mendalami topik-topik tertentu, mungkin perlu mencari sumber belajar tambahan",6,3
"Mungkin untuk semester berikutnya, platform lain bisa dipertimbangkan, atau waktu pengerjaan diperpanjang agar lebih fleksibel",6,3
Dari NLP ini juga saya jadi tahu bagaimana cara kerja kompetisi Kaggle,6,
"Pengalaman ini tidak hanya menambah pengetahuan, tetapi juga melatih kemampuan problem solving dan kerja sama tim",6,1
"Tapi, ada satu hal yang sedikit mengganggu, yaitu jam kelas yang terlalu pagi",2,2
Saran saya untuk NLP kedepannya untuk proyek UAS bisa dibuatkan modul penjelasan seperti modul tugas multivariat/data mining II atau bisa juga dijelaskan dikontrak kuliah agar kami paham dari awal bagaimana ekspektasi dosen untuk hasil project NLP ini,5,2
"Sebagai saran, saya berharap ke depannya dapat dibentuk kelompok belajar tambahan",4,2
Membayangkan bagaimana google sebagai search engine memproses pertanyaan serta query yang dimasukkan,6,1
Namun ini yang menjadi tantangan,6,3
Saya juga akan terus belajar dan mengeksplorasi lebih mendalam tentang hal yang mungkin belum saya kuasai lebih detail tentang NLP ini,4,1
Hal ini akan memperkuat pemahaman konsep sekaligus memberikan gambaran lebih jelas tentang bagaimana cara terbaik untuk menyelesaikan masalah NLP,6,1
"Tugas-tugas yang diberikan cukup menantang, tetapi relevan dan mendorong saya untuk berpikir kritis",3,1
"Namun, sistem voting untuk penilaian tugas tersebut masih dirasa kurang efektif dan bisa ditinjau kembali untuk ke depannya",6,2
"Selain itu, saya juga jadi lebih menghargai teknologi yang sering kita gunakan, seperti Google Translate atau virtual assistant",4,1
"kayak, modul praktikum sering nggak lengkap",4,2
"Saran saya terkait final project mata kuliah NLP adalah mengenai waktunya, mungkin pada tahun ajaran kedepannya, penyampaian final project dapat dilakukan lebih awal, mengingat kami harus membuat program sekaligus papernya",5,2
"terima kasih ya buğŸ™
 
 pesan: bisa ga ya bu dikomunikasikan dengan kemahasiswaan atau yang membuat jadwal untuk kelas paling pagi setidaknya dimulau jam ke 2 atau 3",2,2
Salah metode yang cukup membantu selama NLP adalah adanya hands on,3,
"Saya berharap, ke depannya, saya bisa lebih disiplin dalam mengatur waktu agar dapat mengikuti perkuliahan dengan lebih maksimal",2,1
"Agak oot bu, tapi di kelas NLP saya juga pernah sekelompok sama mantan saya",6,3
"Meskipun hal ini membantu dalam penguasaan materi, namun bisa sangat mempengaruhi kualitas pekerjaan yang kami serahkan",1,1
"Jika materi disampaikan secara interaktif, pembelajaran terasa lebih hidup",4,1
"Mata kuliah ini adalah bagaimana setiap konsep yang dipelajari selalu dikaitkan dengan aplikasi dunia nyata, seperti chatbot, analisis opini di media sosial, hingga sistem pencarian otomatis",4,1
"Meskipun begitu, situasi ini juga menantang kita untuk lebih siap dan cepat beradaptasi",4,1
Intinya menurut saya nlp itu seru banget buat dipelajari tapi semakin dipelajari jadi semakin susah dan makin bikin penasaran,4,3
Solusi tersebut juga akan memudahkan kami dalam merujuk kembali ke materi saat menghadapi kesulitan selama proses pengerjaan,4,1
"Dag dig dug takut tidak selesai tepat waktu, tapi alhamdulillah akhirnya bisa diselesaikan",5,1
"Mata kuliah ini sangat potensial untuk terus dikembangkan, mengingat relevansinya yang tinggi di dunia kerja",4,1
"Pesan saya untuk mata kuliah ini adalah, untuk kedepannya ketika menjalankan ujian di lab komputer, saya kira perlu untuk mengecek kembali fungsionalitas dari komputer tersebut",4,2
"Penjelasannya jelas, terstruktur, dan mudah dipahami, meskipun terkadang topik yang dibahas cukup kompleks",4,1
"Secara keseluruhan, mata kuliah ini memberikan perspektif baru dalam melihat bagaimana teknologi dapat membantu memahami bahasa manusia",4,1
"Selain itu, jika memungkinkan, pemberian deadline yang lebih fleksibel atau pemberitahuan tugas lebih awal bisa membantu kami untuk merencanakan waktu dengan lebih baik, tanpa merasa terburu-buru",3,2
apalagi suasana belajar di kelas juga asik hehehe,4,3
"Secara keseluruhan, mata kuliah ini membantu saya melihat potensi besar NLP dalam berbagai aplikasi dunia nyata",4,1
"Dengan memberi ruang bagi mahasiswa untuk berbagi pendapat dan bertanya, interaksi antar mahasiswa juga dapat meningkatkan dinamika kelas yang lebih hidup",4,2
"Sebagai seseorang yang sering kali tidur larut malam untuk menyelesaikan tugas atau belajar, jadwal pagi tersebut terkadang cukup sulit untuk diikuti dengan energi penuh",2,2
"Pesan:
 Buat Bu Mar, terima kasih banget udah sabar ngajar kita yang kadang suka ngeluh atau nggak ngerti-ngerti",4,1
"Secara keseluruhan, mata kuliah ini sudah sangat bermanfaat dan sangat seru kelasnya karena ada gebrakan-gebarakan baru yang menyenangkan dan menegangkan",4,3
"Tapi ya sebenernya wajar aja, kalau ga di pressure ga akan gerak cepet",3,2
"Tapi, ga sedikit juga orang-orang beban kelompok yang bener-bener sebeban itu (gamau kerja sama sekali)",3,2
Untuk pesan sendiri pertama-tama saya mengapresiasi matkul NLP ini disusun dengan baik sebagai modal mahasiswa sains data ke depannya,6,1
"Kalau semisal sesi tersebut bukan sebuah pembelajaran dan lebih merupakan penilaian kelas, saya lebih berharap adanya pemberitahuan beberapa hari sebelum tes",4,2
kan asik bu kalau langsung ngolah data jadinya tidak kerja dua kali hehehe,6,2
Ini memberikan kesempatan bagi kami untuk mengekspresikan pemahaman kami secara akademis dan menyiapkan diri untuk publikasi di masa depan,6,1
"Materinya meskipun cukup padat, disampaikan dengan cara yang bikin semangat belajar",4,1
"Kemudian, tugas pertama yang mana membuat web menurut saya cukup berat terlebih tidak banyak materi web dasar yang diberikan pada waktu itu",3,2
"Untuk tugas secara keseluruhan, menurut saya sudah cukup baik",3,1
"Dari segi komunikasi, saya rasa sudah sangat baik",6,1
Saya merasa beruntung bisa mengambil mata kuliah ini,1,1
"Kadang-kadang, otak saya masih setengah tidur saat mencoba memahami materi yang padat",1,2
"Kaggle ini menjadi pusat utama dalam pengembangan kompetensi data science, sekaligus melatih kami untuk berpikir dan berkompetisi seperti dalam perlombaan pada uumnya",4,1
"Dan sampailah di awal awal perkuliahan sekitar minggi 3,4,5,6 itu banyak sekali tugas",3,2
"Namun, di sisi lain, saya merasa bahwa tugas-tugas yang diberikan terkadang terlalu banyak",3,2
Banyak belajar hal baru yang bermanfaat banget!,4,1
"Penugasan yang sering diberikan secara mendadak juga menjadi tantangan tersendiri, terutama ketika beban tugas dari mata kuliah lain sedang tinggi",3,2
"Misalnya, kita diberikan kesempatan untuk mencoba langsung berbagai teknik NLP seperti text classification, sentiment analysis, hingga penggunaan model seperti BERT",4,3
"Oleh karena itu, menurut saya, project bisa dimulai dari awal minggu ke 8, kuantitas project bisa ditingkatkan minimal menjadi 2, misal chatbot dan Information retrieval",5,2
Penjelasan step-by-step akan membuat kami lebih percaya diri dan mengurangi kebingungan saat mengerjakan tugas,3,2
"Sebagai pesan, saya berharap mata kuliah ini dapat terus ditingkatkan ke depannya, terutama dalam aspek manajemen penugasan dan komunikasi",3,2
"Sebagai pesan, saya berharap mata kuliah ini dapat terus ditingkatkan ke depannya, terutama dalam aspek manajemen penugasan dan komunikasi",3,2
Overall memprovide dasar dari pemrosesan bahasa alami,1,1
Ini memberikan kesempatan bagi kami untuk mengekspresikan pemahaman kami secara akademis dan menyiapkan diri untuk publikasi di masa depan,4,1
Dan tidak ada contoh kode atau output dari information retriveal dan keyword extraction,6,3
"Tidak membosankan, tetapi tidak terlalu santai juga sampai pemahaman materi berkurang",4,3
"Lalu untuk UTS Kaggle kemarin mungkin bisa dibuat alternatif lain, karena terkendala jaringan jadi membuat waktu terbuang",5,2
"Meski memang membutuhkan usaha untuk memahami materi yang lebih kompleks, dengan cara pengajaran Ibu Maryamah, semuanya terasa lebih terarah",4,3
"Saya juga berharap ke depannya akan ada lebih banyak studi kasus yang bisa dibahas, agar kami bisa lebih memahami bagaimana NLP diterapkan di berbagai industri",4,2
"Jika memungkinkan, tutorial live di platform seperti YouTube juga akan sangat membantu karena mahasiswa dapat langsung memahami konsep dengan visualisasi",4,2
"Begitupun untuk template laporan, format sebaiknya dijelaskan dan diberikan di awal",5,2
Kelompok ini bisa menjadi ruang diskusi mingguan di mana kami bisa membahas materi dengan lebih santai dan mendalam,4,1
Bagaimana proses training model dan juga evaluasi tentunya lebih kompleks dibanding pemrosesan selama kuliah,4,2
Jika boleh saya saran mohon di kontrak ditambahkan mengenai projek uasnya,5,2
"Selain itu, sesi diskusi interaktif di akhir setiap topik juga bisa menjadi tambahan yang bermanfaat untuk membahas hal-hal yang masih kurang dipahami bersama-sama",4,1
"Setiap tugas dirancang agar kami tidak hanya memahami teori, tetapi juga mencoba aplikasi praktis dari konsep yang dipelajari",3,1
"Di sisi lain, ada beberapa aspek yang bisa diperbaiki",4,2
Ternyata ada banyak proses rumit di balik teknologi tersebut,1,2
"Ada beberapa pertemuan yang nggak ada file praktikumnya, jadi agak susah kalau mau belajar mandiri",4,3
"Dengan demikian semakin panjang waktu pengerjaan dan kami dapat berkonsultasi progress lebih banyak, sehingga pengerjaan kami dapat lebih optimal karena melakukan lebih banyak progress report terhadap Ibu",5,2
"karena menurut saya sendiri, dosen harusnya baru masuk jam setengan 8 (menurut saya)",2,2
Metode ini membuat saya pribadi belajar sesuatu dengan benar dengan mengetahui cara yang benar pula,4,1
"Alhamdulillah hubungan kita masih baik jadi kerja kelompoknya lancar saja, waktu itu tugasnya juga membuat web padahal saya belum pernah buat web sama sekali (saya tidak mengambil mata kuliah alpro 2 soalnya ibu) jadi mungkin hasilnya kurang maksimal, tapi membuat web agak menyenangkan (kalau ga error)",3,1
"Selain itu, saya rasa UTS kemarin membutuhkan tambahan waktu",5,2
"Namun, saya berpendapat bahwa akan lebih baik jika dosen memberikan waktu tambahan untuk diskusi setelah materi disampaikan, sehingga siswa dapat lebih memahami topik yang diajarkan",4,2
Salah satu studi kasus yang paling saya sukai adalah mengenai media sosial karena dengan mempelajari media sosial banyak hal yang bisa saya rangkum dan simpulkan,1,1
"Secara keseluruhan, mata kuliah ini sangat berkesan dan memberikan banyak manfaat",4,1
"pesan untuk NLP: sepertinya kalo dijadiin MK wajib buat tsd bagus juga, karena saya merasa terbantu banget buat matkul datmin, terus juga biar ngga rebutan tiap tahun :(",4,1
"Dengan diunggahnya modul yang di e-learning, saya yakin tugas-tugas dapat diselesaikan lebih efisien dan hasil akhirnya lebih sesuai dengan ekspektasi",3,1
"Meski begitu, ada sedikit rasa sedih karena hasil submission di Kaggle tidak dihitung karena terlambat",5,2
"Ketika saya mengikuti ujian yang berbasis kaggle lalu, saya bahkan harus browsing untuk mendapatkan tanda yang saya butuhkan dalam kodingan",5,2
"Saya juga sangat menghargai bagaimana beliau selalu berusaha menghadirkan perspektif baru dalam setiap pertemuan, sehingga kami tidak hanya belajar teori tetapi juga bagaimana teori tersebut diterapkan di dunia nyata",4,1
Saya merasa lebih percaya diri untuk menerapkan konsep-konsep yang telah dipelajari dalam berbagai proyek ke depannya,6,1
"Dengan begitu, kualitas tugas yang kami kerjakan juga akan lebih maksimal",3,2
"meskipun ada saat-saat di mana saya merasa kewalahan dengan tugas dan deadline, suasana belajar yang kolaboratif membuat saya tetap termotivasi",3,3
Terima kasih kepada dosen dan teman-teman yang telah membuat perjalanan belajar ini menjadi menyenangkan dan penuh inspirasi,6,1
"Pendekatan yang lebih terarah, dengan melibatkan mahasiswa secara aktif, tidak hanya akan meningkatkan pemahaman mereka tetapi juga membuat proses pembelajaran lebih menyenangkan dan bermakna",4,1
"Walaupun begitu, alhamdulillah, saya berhasil hadir 100% di semua pertemuan untuk mata kuliah ini, meskipun dengan perjuangan ekstra untuk bangun pagi",,
"Jujur, saya pribadi banyak belajar, baik dari materi yang Ibu sampaikan maupun dari tugas-tugasnya",4,1
Terutama data teks ini menurut saya sangat menarik dan menantang untuk di eksplor lebih jauh lagi,1,1
"Banyak insight juga yang didapat selama perkuliahan sama Bu Mar, yang mungkin kalau bukan Bu Mar gaakan dapet sejauh ini",4,1
"Nah, ini tuh kebanyakan kating Bu",6,2
Sesi guest lecutre juga sangat membantu untuk membuka mata dalam menambah wawasan yang kurang,4,1
"Kalau semisal ini adalah salah satu metode untuk membuat performa dan pencapaian materi di sebuah kelas tampak sangat bagus dalam paper, metode ini telah berhasil namun saya sebagai mahasiswa hampir tidak merasakan semangat lebih untuk belajar lebih mengenai materi NLP selain yang telah diajarkan",4,1
"sebagai penutup, saya ingin mengucapkan terima kasih yang sedalam-dalamnya dari lubuk hati saya terdalam untuk ibu maryamah",6,1
"Selain itu, keputusan untuk menggunakan sistem perankingan di Kaggle untuk UTS juga sangat baik",5,1
"Sedikit pesan, hanya saja beberapa hal yang suka mendadak dan deadline dekat agak kureng krn tugas smt 5 agak bikin meninggalğŸ˜¥",3,2
"Kejadian error waktu UTS adalah force majeure, akan tetapi ada teman-teman yang saya membuat saya cukup bersimpati karena mendapat nasib yang lebih naas daripada saya,",5,3
Frekuensinya tidak terlalu banyak dan masih bisa diimbangi dengan mata kuliah lain,1,1
"Penjelasan bu mary selalu terbuka untuk pertanyaan dan platform diskusinya juga cukup fleksibel, jadi ga ada kesulitan juga dalam mengikuti pembelajaran",4,1
"Selain itu, lokasi kelas yang susah sinyal juga membuat beberapa tugas online menjadi sedikit merepotkan",4,2
"Ubtyj UAS yang diberikan juga sudah baik, meskipun tingkat kesulitannya cukup tinggi, terutama bagi mahasiswa yang baru mempelajari NLP",5,3
Sempat merasa capek karena merasa tugasnya terlalu berat (untuk yg kelompok) kewalahan karena ada anggota yg kurang berpartisipasi,3,2
"Meskipun setiap tugas memberikan peluang untuk mempraktikkan apa yang telah dipelajari di kelas, jumlahnya yang banyak sering kali membuat saya kewalahan",3,2
Hal ini membuat saya merasa kurang maksimal dalam memahami materi dan menyelesaikan tugas-tugas dengan baik,4,2
"Dengan cara ini, pemahaman kita tidak hanya terbatas pada teori, tetapi juga meluas ke aplikasi di dunia nyata, yang tentunya sangat relevan dengan kebutuhan industri saat ini",4,1
"Menurut saya, ini adalah hal yang masih mungkin dilakukan, tinggal pembenahan dari segi timeline dan pengejaran materi",2,2
"Secara keseluruhan, mata kuliah ini sangat bermanfaat dan menarik",1,1
"Dengan pemberitahuan tugas yang lebih terencana dan instruksi yang lebih jelas, saya yakin pembelajaran dapat berjalan lebih efektif",3,1
"Dengan pemberitahuan tugas yang lebih terencana dan instruksi yang lebih jelas, saya yakin pembelajaran dapat berjalan lebih efektif",3,1
"Sama seperti mata kuliah lainya, memang butuh eksplor mandiri",4,3
"Selain itu, keputusan untuk menggunakan sistem perankingan di Kaggle untuk UTS juga sangat baik",5,1
"Untuk ujian tengah semester (UTS), penggunaan Kaggle menyebabkan beberapa masalah teknis, seperti kesulitan mengumpulkan tugas tepat waktu",5,2
"Agak tegang, but in a good way",6,1
Secara keseluruhan mata kuliah NLP ini sangat seruu bermanfaat insighfull,1,1
"Saya yakin, dengan landasan yang diberikan melalui pengajaran ini, kami mampu mengembangkan kemampuan kami lebih jauh di bidang nlp",4,1
"Dengan pengetahuan yang saya peroleh dari mata kuliah ini, saya merasa lebih siap menghadapi tantangan di dunia teknologi, khususnya dalam bidang kecerdasan buatan dan analisis data yang terus berkembang",6,1
"Selain itu, forum diskusi daring juga bisa menjadi alternatif untuk mendukung pembelajaran",4,2
Seminggu sebelum progres UAS dijelaskan detail untuk kedepannya apa aja yang perlu disiapkan tiap minggunya biar ga mendadak kita menyiapkannya,5,2
"Selain itu, hadirnya ChatGPT dan sejenisnya menjadi bukti bahwa AI membantu kehidupan manusia dan itu dilakukan dengan mengetikkan kata prompt kepada chatbot",6,1
"Ekspektasi setiap minggunya apa, agar saya tidak kaget Bu",6,2
"Terima kasih, Bu",6,1
"Meskipun membutuhkan waktu yang tidak sedikit, saya merasa tugas-tugas ini sangat membantu dalam memperkuat pemahaman saya terhadap NLP",3,1
Salah satunya adalah terkait waktu penyusunan proyek UAS yang terasa terlalu padat dan terbatas,5,2
Mata kuliah ini benar-benar membuka wawasan saya tentang bagaimana teknologi bekerja untuk mempermudah kehidupan manusia,1,1
"Selain itu, materi juga kadang terlambat diupload di Hebat, jadi harus menunggu lebih lama untuk mengakses bahan belajar",1,2
"Mungkin hanya itu sedikit saran dari saya Bu, karena secara keseluruhan cara Ibu menyampaikan materi dan memberi masukan progress final project sangat mudah dipahami dan memberikan wawasan yang sangat keren dan menarik",4,1
kalau mau ada tugas di kelas juga mungkin bisa diinfokan minggu sebelumnya atau beberapa hari sebelum kelas dimulai,3,2
"Selain itu, tugas yang diberikan setiap materi juga membuat kami belajar dan berkembang",3,1
"Saya merasa kelas NLP juga seru karena tidak atmosfirnya tidak terlalu menegangkan, mungkin karena itu juga jadinya saya jarang mengantuk waktu kelas",4,1
"Waktu yang diberikan terasa kurang untuk menyelesaikan semua soal dengan baik, terutama untuk soal yang lebih sulit yang membutuhkan pemahaman mendalam",5,2
"Dengan diskusi yang lebih mendalam, siswa dapat saling bertukar ide dan menyelesaikan kebingungan yang mungkin muncul selama kelas",4,2
"Dengan cara ini, apa yang saya pelajari terasa lebih relevan dan aplikatif",1,2
"Saya berharap pengalaman ini bisa terus ditingkatkan di semester-semester berikutnya! Semoga kita semua bisa lebih siap dan bersemangat untuk belajar lebih banyak lagi, serta menjelajahi lebih dalam mengenai dunia NLP yang menarik ini!",4,1
"Secara keseluruhan, mata kuliah ini sangat relevan, menantang, dan membuka peluang besar bagi mahasiswa untuk berkontribusi di bidang teknologi berbasis bahasa",4,1
Itu jadi pelajaran siih tentang manajemen waktu dan persiapan yang lebih matang,3,3
Hal itu menurut saya menghambat pengerjaan ujian,5,2
"Secara keseluruhan, kelas ini memberikan pengalaman belajar yang menyenangkan sekaligus menantang, membantu kami berkembang baik secara akademik maupun personal",4,1
Terima kasih atas pengajaran yang luar biasa!,4,1
"Secara keseluruhan, saya tetap menghargai pengajaran Bu Maryamah dan berharap masukan ini dapat dipertimbangkan untuk meningkatkan proses pembelajaran ke depan",4,2
"pada akhirnya, saya merasa keputusan untuk mengambil mata kuliah ini adalah langkah yang tepat",4,1
Mata kuliah ini benar-benar memotivasi untuk terus belajar lebih jauh di bidang teknologi berbasis teks,4,1
"Dengan demikian, diharapkan materi yang diajarkan dapat lebih mudah dipahami dan diterapkan oleh mahasiswa dalam konteks kehidupan nyata",4,3
Hehehe,6,3
"Harapan kami sih, semoga hasil kerja keras ini ada hasilnya, terutama soal nilai",6,2
"Saya berharap untuk ke depannya, pembelajaran NLP dapat lebih baik lagi dan materinya lebih mudah sampai ke mahasiswa",4,2
Terimakasih Bu Mar,6,1
"Gatau ya Bu apakah mereka emang engga niat ngambil mata kuliah NLP ini atau gimana, tapi kayaknya emang sih mereka cuman ngambil karena mau skripsi materi NLP (kebanyakan sentiment analysis)",6,2
"Selain itu, mungkin lebih baik ada sesi diskusi yang membahas project-project akhir angkatan terdahulu sehingga mahasiswa tidak kaget dan tentunya membuat matkul ini semakin menarik",5,2
Saya merasa hanya sebatas mempelajari materi kuliah,1,2
"semoga ibu panjang umur, sehat selalu, diberkahi jalannya, serta diberi kemudahan dalam apapun aamiin",6,1
"Hal ini tidak hanya menambah pengalaman kami dalam kompetisi nyata, tetapi juga memperkenalkan kami pada platform yang banyak digunakan di industri",6,1
Mungkin pengaturan waktu buat tugas bisa lebih diperhatikan biar mahasiswa lebih leluasa ngerjain,3,2
Semoga ada langkah preventif dan mitigasi yang lebih baik,6,2
"Project Ujian Akhir Semester (UAS) juga cukup menantang, sehingga memberikan pengalaman yang berharga",4,1
"Secara keseluruhan, saya sangat mengapresiasi mata kuliah ini dan bu mary yang keren juga hehe karena memberikan bekal yang sangat berguna bagi mahasiswa lain terutama bagi saya sendiri yang ingin mendalami NLP lebih lanjut",4,1
Mungkin jajaran pengajar bisa mempertimbangkan untuk mereview kembali jam dan lokasi kelas agar lebih nyaman bagi mahasiswa,2,2
UAS terasa berat dan membutuhkan waktu lebih untuk memahaminya,5,2
Tapi setelah lewat ya merasa aman saja,6,1
Mungkin akan lebih baik jika jumlah tugas dikurangi atau diberikan dengan rentang waktu yang lebih longgar agar kami memiliki lebih banyak waktu untuk mendalami setiap konsep dengan lebih baik,3,2
"Meski begitu, pengalaman belajar di mata kuliah ini sangat berharga bagi saya",4,1
"Secara keseluruhan, kelas NLP ini merupakan salah satu kelas terbaik di semester ini",4,1
Terima kasih,6,1
"Saya merasa banyak belajar, terutama tentang bagaimana teknologi dapat membantu memahami bahasa manusia",1,1
"Secara keseluruhan, mata kuliah NLP telah memberikan bekal yang berharga bagi kami, khususnya dalam memahami teknologi yang menjadi dasar berbagai aplikasi modern",1,1
"Secara keseluruhan, mata kuliah NLP telah memberikan bekal yang berharga bagi kami, khususnya dalam memahami teknologi yang menjadi dasar berbagai aplikasi modern",1,1
"Mata kuliah Natural Language Procesisng sangat seru, tetapi terkadang bikin panik, terutama waktu responsi dadakan",4,2
"Hal ini tidak hanya menambah pengalaman kami dalam kompetisi nyata, tetapi juga memperkenalkan kami pada platform yang banyak digunakan di industri",1,1
"Ketika uts, Kaggle pada komputer yang saya terhubung dengan akun teman, (mungkin karena sebelumnya komputer itu digunakannya) dan saya tidak bisa logout, sehingga saya mengumpulkannya dari kos setelah ujian manajemen jaringan, dan nilai UTS saya tidak maksimal",5,2
"Overall, saya enjoy dengan cara mengajar Bu Maryamah dan merasa paham dan dapat terfokus pada pembelajaran",4,1
"Secara keseluruhan, saya sangat puas dengan penyampaian materi yang dilakukan, dan merasa apa yang diajarkan sudah sangat baik serta sesuai dengan kebutuhan pembelajaran kami",4,1
"Dengan cara ini, saya yakin pembelajaran akan menjadi lebih optimal, efektif, dan menarik bagi seluruh mahasiswa",4,3
"Mungkin itu saja bu evaluasi dari saya untuk NLP, mohon maaf apabila banyak kesalahan dan kata kata yang menyakiti hati bu",6,3
Saya tidak menyesal mengambil NLP kalaupun nilai saya jelek tidak apa setidaknya masih bisa nambah portofolio,4,1
Saat UAS saya merasa selalu kaget setiap minggunya karena ekspektasi progress yang sering saya ketahui h-1 kelas,5,2
Atas pengalaman belajar NLP hingga saat ini,4,3
Semoga mata kuliah ini terus berkembang dengan melibatkan lebih banyak kolaborasi internasional dan metode pembelajaran yang interaktif sehingga mahasiswa dapat semakin siap menghadapi tantangan di bidang teknologi masa depan,4,1
"Timeline yang diberikan membuat mahasiswa harus bekerja sangat cepat, sehingga cukup menyulitkan untuk menyelesaikan proyek dengan kualitas maksimal",3,2
Mata kuliah ini membuat saya makin penasaran dengan teknologi dan ingin terus belajar,1,1
"Ke depannya, harapannya modul praktikum lebih dilengkapi dan konsisten untuk semua pertemuan",4,2
"Terima kasih atas perhatian Ibu, Wassalamualaikum Wr Wb",6,1
karena sesimpel hiar bisa mempersiapkan (setidaknya mental),6,3
"Secara keseluruhan, mata kuliah ini sangat bermanfaat dan memberikan wawasan yang luas tentang pengolahan bahasa alami",1,1
"Sudah 200 kata ya ibu, terima kasih ibu :D",6,1
"Menurut saya, tambahan waktu bisa membantu kami untuk memberikan hasil yang lebih maksimal",5,3
"Secara keseluruhan, kelas ini sudah berjalan dengan baik, tetapi ada beberapa aspek yang masih dapat diperbaiki",4,3
"Selain itu, dosen juga selalu memberikan dukungan dalam bentuk bimbingan saat menghadapi kesulitan, sehingga proses belajar menjadi lebih lancar dan menyenangkan",4,1
"Dengan solusi tersebut, saya berharap mata kuliah ini dapat menjadi salah satu mata kuliah unggulan di program studi Teknologi Sains Data",4,1
"Overall, matkul ini memberikan banyak insight baru",1,1
Saya harap hal ini bida ditanggapi dengan serius oleh pihak pengajar maupun pengelola lab komputer,6,1
"tantangannya memang ada, tapi manfaat yang didapat jauh lebih besar, dan ini akan sangat membantu untuk karier saya ke depan",6,1
"Pesan saya untuk ke depannya, mungkin jadwal mata kuliah ini bisa sedikit disesuaikan agar lebih bersahabat bagi mahasiswa yang aktif di malam hari",2,2
"Pokoknya semoga nilai aman, Bu, biar semua perjuangan selama semester ini nggak sia-sia",6,2
"Terima kasih, Bu Mar, atas bimbingannya selama semester ini! Sukses selalu",4,1
Untuk pesannya mungkin tahun depan NLP mending dibuat satu kelas aja,6,2
"Ya, untuk orang-orang kayak gini, semoga sukses selalu ya teman",6,2
"akhir kata, wassalamualaikum wr",6,3
Arahan dan konsultasi untuk pengerjaan final project dari Bu Maryamah sangat insightful,4,1
Terima kasih Bu Mar atas satu semester di kelas NLPğŸ«°ğŸ»,4,1
"Kemudian untuk kesan pesan ini, agak menyeramkan karena ada pengurangan nilai final project ketika tidak mencapai 200 kata",6,2
"Namun, ruang 6",6,3
"Harapan saya, semoga materi ini bisa terus dikembangkan agar mahasiswa mendapatkan pengalaman belajar yang semakin maksimal di semester-semester mendatang",6,3
Selain itu mungkin UTS juga bisa diiuji coba terlebih dahulu agar tidak ada masalah mendadak di hari-h,5,2
"Namun, saya memahami bahwa tantangan ini bertujuan untuk melatih kemampuan kami",4,3
Sebenarnya kalau ada tugas kita jadi lebih paham penerapan materinya tetapi karena deadlinenya bersamaan dengan matakuliah lain jadi itu merasa agak berat,3,2
"Secara keseluruhan, mata kuliah ini memberikan fondasi yang kuat dalam bidang NLP dan membuka wawasan saya terhadap potensi penerapan teknologi ini di berbagai bidang",4,1
"Tidak hanya membantu kita memahami materi dengan lebih baik, tetapi juga memberikan suasana belajar yang menyenangkan",4,1
"Semoga di masa depan, metode pembelajaran ini semakin dikembangkan sehingga mahasiswa bisa lebih optimal dalam menyerap ilmu",4,1
"Saya mendapat bahasa korea, hehe",3,3
Arahan dan konsultasi untuk pengerjaan final project dari Bu Maryamah sangat bermanfaate,4,1
"Selain itu, untuk model deep learning seperti BERT dan lainnya, saya berharap bisa ada contoh pengolahan data menggunakan metode seperti Word2Vec, average Word2Vec, dan lain-lain di kelas",1,3
Kritik saya mungkin pada pemberian tugas dan kriterianya,4,2
Hal ini tentu akan meningkatkan kualitas pemahaman kami terhadap NLP,4,1